hpo_approach_id,run_id,macro_iteration,origin_cpu_id,config_screened_hash,screened_lr,screened_num_layers,screened_hidden_size,screened_dropout,screened_l2,gpu_device_used,gpu_processing_start_time_abs,gpu_processing_duration_s,gpu_test_accuracy,gpu_train_accuracy,gpu_fitness_score,gpu_run_num_layers,gpu_run_hidden_size,screen_loss_decrease,screen_accuracy_1epoch,cpu_screen_duration_s
MultiStage_CPUScreen_GPUFull,ac49086f,1,2,8210258369197290227,6.549958e-03,1,80,0.2245,6.721369e-07,cuda,1747258334.734,3.582,0.7609,0.7616,0.7609,1,112,1.1531,0.6270,1.223
MultiStage_CPUScreen_GPUFull,ac49086f,1,2,-4952968901439687863,4.596668e-03,2,127,0.3931,3.266901e-05,cuda,1747258338.317,2.511,0.7450,0.7448,0.7450,3,163,1.0289,0.6220,0.209
MultiStage_CPUScreen_GPUFull,ac49086f,1,2,-2334600348155804834,6.549958e-03,1,80,0.2245,6.221438e-07,cuda,1747258340.829,2.308,0.7502,0.7606,0.7502,2,113,0.9919,0.6460,0.193
MultiStage_CPUScreen_GPUFull,ac49086f,1,2,6991251020168782101,1.014433e-03,2,66,0.1119,3.668658e-06,cuda,1747258343.137,2.641,0.7505,0.7550,0.7505,3,93,0.3420,0.4765,0.115
MultiStage_CPUScreen_GPUFull,ac49086f,1,1,2415113708487263038,1.306598e-03,1,32,0.1294,5.127468e-07,cuda,1747258345.778,2.363,0.7423,0.7472,0.7423,2,53,0.2509,0.3735,0.162
MultiStage_CPUScreen_GPUFull,ac49086f,1,1,2415113708487263038,1.306598e-03,1,32,0.1294,5.127468e-07,cuda,1747258348.142,2.149,0.7333,0.7308,0.7333,1,44,0.2313,0.4150,0.113
MultiStage_CPUScreen_GPUFull,ac49086f,1,1,6370684365966514823,1.306598e-03,1,24,0.1294,5.127468e-07,cuda,1747258350.291,2.423,0.7412,0.7440,0.7412,2,47,0.2269,0.4170,0.098
MultiStage_CPUScreen_GPUFull,ac49086f,1,1,8278482529333388540,4.736631e-04,2,39,0.0826,5.001414e-06,cuda,1747258351.266,3.148,0.7340,0.7406,0.7340,4,76,0.0907,0.3715,0.252
MultiStage_CPUScreen_GPUFull,ac49086f,1,0,-3508327066883903870,7.887132e-03,3,62,0.1692,4.565253e-07,cuda,1747258354.414,3.072,0.7452,0.7496,0.7452,4,75,1.0289,0.6415,0.206
MultiStage_CPUScreen_GPUFull,ac49086f,1,0,3396737516343515653,2.302598e-04,1,28,0.4466,1.315700e-06,cuda,1747258357.486,2.144,0.6713,0.6778,0.6713,1,28,0.0414,0.1250,0.209
MultiStage_CPUScreen_GPUFull,ac49086f,1,0,3396737516343515653,2.302598e-04,1,28,0.4466,1.315700e-06,cuda,1747258359.630,2.476,0.6797,0.6886,0.6797,2,41,0.0405,0.3610,0.218
MultiStage_CPUScreen_GPUFull,ac49086f,1,0,3844435054770557586,3.172987e-04,2,28,0.4466,1.315700e-06,cuda,1747258362.106,2.447,0.6687,0.6714,0.6687,2,28,0.0360,0.1340,0.214
MultiStage_CPUScreen_GPUFull,ac49086f,2,0,-4594599572722543848,7.887132e-03,3,62,0.1712,4.565253e-07,cuda,1747258366.017,3.297,0.7537,0.7642,0.7537,4,100,1.1022,0.6540,0.093
MultiStage_CPUScreen_GPUFull,ac49086f,2,0,4739197879963659782,7.887132e-03,3,80,0.1692,4.565253e-07,cuda,1747258369.314,2.861,0.7480,0.7442,0.7480,3,143,1.0509,0.6570,0.297
MultiStage_CPUScreen_GPUFull,ac49086f,2,0,-967353477830449589,7.887132e-03,3,62,0.1692,6.069531e-07,cuda,1747258372.176,3.079,0.7502,0.7580,0.7502,4,103,0.9551,0.6245,0.170
MultiStage_CPUScreen_GPUFull,ac49086f,2,0,-6152262986187617238,7.201048e-04,3,32,0.1062,8.878651e-05,cuda,1747258375.255,3.274,0.7313,0.7324,0.7313,5,43,0.1117,0.0805,0.161
MultiStage_CPUScreen_GPUFull,ac49086f,2,2,6014752641530216193,6.549958e-03,1,80,0.3426,6.721369e-07,cuda,1747258378.530,2.580,0.7397,0.7448,0.7397,2,146,1.1766,0.6265,0.212
MultiStage_CPUScreen_GPUFull,ac49086f,2,2,4715685757805792215,6.549958e-03,1,80,0.2245,5.719039e-07,cuda,1747258381.110,2.485,0.7510,0.7614,0.7510,2,108,1.1300,0.6375,0.142
MultiStage_CPUScreen_GPUFull,ac49086f,2,2,-3195748212977195963,6.549958e-03,1,56,0.2245,6.221438e-07,cuda,1747258382.177,2.452,0.7479,0.7528,0.7479,2,68,1.1107,0.6330,0.106
MultiStage_CPUScreen_GPUFull,ac49086f,2,2,8210258369197290227,6.549958e-03,1,80,0.2245,6.721369e-07,cuda,1747258384.630,2.872,0.7515,0.7628,0.7515,3,107,1.0943,0.6245,0.173
MultiStage_CPUScreen_GPUFull,ac49086f,2,1,2415113708487263038,1.306598e-03,1,32,0.1294,5.127468e-07,cuda,1747258387.502,2.475,0.7409,0.7426,0.7409,2,50,0.2676,0.4670,0.202
MultiStage_CPUScreen_GPUFull,ac49086f,2,1,2415113708487263038,1.306598e-03,1,32,0.1294,5.127468e-07,cuda,1747258389.977,2.796,0.7357,0.7354,0.7357,3,48,0.2649,0.5020,0.252
MultiStage_CPUScreen_GPUFull,ac49086f,2,1,1916623768501230427,1.306598e-03,1,24,0.1294,3.191722e-07,cuda,1747258392.773,2.411,0.7387,0.7404,0.7387,2,37,0.2298,0.3085,0.261
MultiStage_CPUScreen_GPUFull,ac49086f,2,1,-1322329312099157088,1.306598e-03,1,24,0.1294,5.626197e-07,cuda,1747258395.184,2.428,0.7356,0.7384,0.7356,2,47,0.2193,0.3000,0.164
MultiStage_CPUScreen_GPUFull,ac49086f,3,0,4739197879963659782,7.887132e-03,3,80,0.1692,4.565253e-07,cuda,1747258399.137,3.443,0.7432,0.7548,0.7432,5,149,1.1094,0.6460,0.277
MultiStage_CPUScreen_GPUFull,ac49086f,3,0,-5686270411954346480,7.887132e-03,3,80,0.1204,4.565253e-07,cuda,1747258402.580,3.093,0.7589,0.7642,0.7589,4,159,1.1054,0.6760,0.133
MultiStage_CPUScreen_GPUFull,ac49086f,3,0,-4525911728999196087,7.887132e-03,3,48,0.1692,4.565253e-07,cuda,1747258405.673,2.736,0.7451,0.7524,0.7451,3,73,0.9918,0.6250,0.162
MultiStage_CPUScreen_GPUFull,ac49086f,3,0,-2052513961242139719,7.887132e-03,3,62,0.1712,3.090615e-07,cuda,1747258408.410,3.238,0.7405,0.7472,0.7405,5,118,0.9803,0.6125,0.096
MultiStage_CPUScreen_GPUFull,ac49086f,3,1,-6063210795891388272,1.301194e-03,1,107,0.4289,4.327959e-05,cuda,1747258411.648,2.471,0.7442,0.7486,0.7442,2,170,0.5227,0.5460,0.183
MultiStage_CPUScreen_GPUFull,ac49086f,3,1,4657765188554730683,1.306598e-03,1,40,0.1294,5.127468e-07,cuda,1747258414.119,2.130,0.7353,0.7356,0.7353,1,48,0.3107,0.4220,0.197
MultiStage_CPUScreen_GPUFull,ac49086f,3,1,-3192197034492304201,1.306598e-03,1,32,0.1168,5.127468e-07,cuda,1747258414.786,2.426,0.7396,0.7484,0.7396,2,59,0.2665,0.4825,0.129
MultiStage_CPUScreen_GPUFull,ac49086f,3,1,2415113708487263038,1.306598e-03,1,32,0.1294,5.127468e-07,cuda,1747258417.212,2.467,0.7386,0.7426,0.7386,2,47,0.2427,0.4645,0.241
MultiStage_CPUScreen_GPUFull,ac49086f,3,2,5099663800222198780,6.549958e-03,1,80,0.2110,6.721369e-07,cuda,1747258419.679,2.484,0.7546,0.7678,0.7546,2,150,1.2036,0.6465,0.166
MultiStage_CPUScreen_GPUFull,ac49086f,3,2,-8864348123688539841,8.864319e-03,1,80,0.2245,5.719039e-07,cuda,1747258422.164,2.176,0.7400,0.7480,0.7400,1,133,1.1874,0.6645,0.193
MultiStage_CPUScreen_GPUFull,ac49086f,3,2,6964595628663436402,6.549958e-03,1,88,0.2245,5.719039e-07,cuda,1747258424.340,2.878,0.7515,0.7572,0.7515,3,151,1.1322,0.6595,0.163
MultiStage_CPUScreen_GPUFull,ac49086f,3,2,4556915445176949967,7.506693e-03,1,38,0.2771,4.539860e-06,cuda,1747258427.219,2.434,0.7407,0.7490,0.7407,2,60,1.1033,0.6135,0.081
MultiStage_CPUScreen_GPUFull,ac49086f,4,1,-9043829133322618242,1.301194e-03,1,120,0.4289,4.327959e-05,cuda,1747258431.136,2.581,0.7418,0.7416,0.7418,2,154,0.5726,0.5700,0.156
MultiStage_CPUScreen_GPUFull,ac49086f,4,1,3304145738098658276,1.301194e-03,1,107,0.4289,5.180971e-05,cuda,1747258433.718,2.273,0.7382,0.7396,0.7382,1,129,0.4917,0.5700,0.167
MultiStage_CPUScreen_GPUFull,ac49086f,4,1,-5653643894227584848,1.285890e-03,1,107,0.4289,4.327959e-05,cuda,1747258435.991,2.521,0.7416,0.7420,0.7416,2,189,0.4641,0.5800,0.180
MultiStage_CPUScreen_GPUFull,ac49086f,4,1,8484255014777811373,1.301194e-03,1,107,0.4289,5.052832e-05,cuda,1747258438.513,2.165,0.7385,0.7374,0.7385,1,168,0.4579,0.5625,0.233
MultiStage_CPUScreen_GPUFull,ac49086f,4,2,900278659571091685,9.048500e-03,1,80,0.2110,6.721369e-07,cuda,1747258440.678,2.491,0.7334,0.7460,0.7334,2,139,1.1861,0.6810,0.274
MultiStage_CPUScreen_GPUFull,ac49086f,4,2,-4241681741312900295,6.549958e-03,1,56,0.2110,6.721369e-07,cuda,1747258443.169,2.785,0.7383,0.7426,0.7383,3,67,1.1356,0.6265,0.110
MultiStage_CPUScreen_GPUFull,ac49086f,4,2,3051330408327082323,6.549958e-03,2,80,0.2245,6.721369e-07,cuda,1747258444.450,3.138,0.7337,0.7398,0.7337,4,112,1.0597,0.6465,0.172
MultiStage_CPUScreen_GPUFull,ac49086f,4,2,-8932214077485868642,6.549958e-03,1,80,0.2110,4.356995e-07,cuda,1747258447.589,2.404,0.7543,0.7596,0.7543,2,151,1.0424,0.6530,0.171
MultiStage_CPUScreen_GPUFull,ac49086f,4,0,-8249703806129730667,9.728278e-03,1,77,0.2734,2.461586e-06,cuda,1747258449.993,2.401,0.7482,0.7560,0.7482,2,96,1.2315,0.6980,0.219
MultiStage_CPUScreen_GPUFull,ac49086f,4,0,4510420244689130216,1.085727e-02,3,62,0.1692,6.069531e-07,cuda,1747258452.395,3.329,0.7273,0.7342,0.7273,5,83,1.0675,0.5870,0.114
MultiStage_CPUScreen_GPUFull,ac49086f,4,0,-6537752376650671640,7.779019e-03,3,80,0.1204,4.565253e-07,cuda,1747258455.724,3.151,0.7570,0.7608,0.7570,4,145,1.0584,0.6300,0.173
MultiStage_CPUScreen_GPUFull,ac49086f,4,0,2129860298406820975,7.887132e-03,3,56,0.1692,6.069531e-07,cuda,1747258458.875,2.761,0.7505,0.7598,0.7505,3,97,1.0010,0.6055,0.259
MultiStage_CPUScreen_GPUFull,ac49086f,5,2,-3907007082301126213,6.549958e-03,1,88,0.2110,6.721369e-07,cuda,1747258462.927,2.633,0.7497,0.7608,0.7497,2,139,1.1904,0.6410,0.177
MultiStage_CPUScreen_GPUFull,ac49086f,5,2,8793558802031875073,6.549958e-03,1,80,0.2245,5.608943e-07,cuda,1747258465.559,2.459,0.7512,0.7594,0.7512,2,98,1.1403,0.6505,0.144
MultiStage_CPUScreen_GPUFull,ac49086f,5,2,2617628948435951893,6.549958e-03,1,80,0.3395,4.356995e-07,cuda,1747258468.019,2.284,0.7457,0.7492,0.7457,1,131,1.1227,0.6255,0.100
MultiStage_CPUScreen_GPUFull,ac49086f,5,2,613372987736723382,6.549958e-03,1,80,0.2245,7.286286e-07,cuda,1747258470.304,2.150,0.7551,0.7580,0.7551,1,130,1.1109,0.6240,0.088
MultiStage_CPUScreen_GPUFull,ac49086f,5,1,-877554148636008333,5.648007e-03,2,77,0.1737,6.622267e-06,cuda,1747258472.454,2.510,0.7625,0.7676,0.7625,2,152,0.9985,0.6405,0.375
MultiStage_CPUScreen_GPUFull,ac49086f,5,1,-4513744786182184596,1.301194e-03,2,107,0.4289,4.327959e-05,cuda,1747258474.964,2.471,0.7441,0.7490,0.7441,2,196,0.6247,0.4900,0.165
MultiStage_CPUScreen_GPUFull,ac49086f,5,1,-8277744573828824259,1.301194e-03,1,112,0.4289,4.327959e-05,cuda,1747258475.963,2.424,0.7443,0.7486,0.7443,2,153,0.5653,0.5460,0.234
MultiStage_CPUScreen_GPUFull,ac49086f,5,1,1005771035142814690,1.126869e-03,1,107,0.4289,4.327959e-05,cuda,1747258478.388,2.809,0.7355,0.7406,0.7355,3,131,0.4803,0.5720,0.227
MultiStage_CPUScreen_GPUFull,ac49086f,5,0,1828844428400604499,7.887132e-03,3,80,0.0426,4.565253e-07,cuda,1747258481.197,3.129,0.7581,0.7684,0.7581,4,109,1.0711,0.6305,0.216
MultiStage_CPUScreen_GPUFull,ac49086f,5,0,7611659475254922798,9.802075e-03,3,62,0.1712,4.565253e-07,cuda,1747258484.326,3.322,0.7475,0.7526,0.7475,5,76,1.0662,0.6345,0.255
MultiStage_CPUScreen_GPUFull,ac49086f,5,0,-5724725488713420812,7.779019e-03,3,80,0.1204,3.232136e-07,cuda,1747258487.649,2.929,0.7520,0.7690,0.7520,3,96,1.0370,0.6425,0.095
MultiStage_CPUScreen_GPUFull,ac49086f,5,0,-393079283281248323,7.779019e-03,3,80,0.1488,4.565253e-07,cuda,1747258490.578,3.227,0.7486,0.7492,0.7486,5,134,1.0338,0.6380,0.189
MultiStage_CPUScreen_GPUFull,ac49086f,6,2,3089021857809835085,6.549958e-03,1,80,0.2110,9.042671e-07,cuda,1747258495.177,2.374,0.7497,0.7482,0.7497,1,110,1.1308,0.6480,0.145
MultiStage_CPUScreen_GPUFull,ac49086f,6,2,-3109411208624948325,8.949327e-03,1,80,0.2110,6.721369e-07,cuda,1747258497.551,2.213,0.7485,0.7564,0.7485,1,100,1.1247,0.6555,0.158
MultiStage_CPUScreen_GPUFull,ac49086f,6,2,613372987736723382,6.549958e-03,1,80,0.2245,7.286286e-07,cuda,1747258499.765,2.569,0.7512,0.7518,0.7512,2,135,1.1165,0.6560,0.092
MultiStage_CPUScreen_GPUFull,ac49086f,6,2,-7246662271757990717,4.996861e-03,1,127,0.3910,6.263342e-06,cuda,1747258502.334,2.249,0.7502,0.7448,0.7502,1,191,1.1085,0.6565,0.155
MultiStage_CPUScreen_GPUFull,ac49086f,6,0,6337973523528365276,7.779019e-03,3,96,0.1204,4.565253e-07,cuda,1747258504.583,2.817,0.7622,0.7688,0.7622,3,116,1.1568,0.6680,0.240
MultiStage_CPUScreen_GPUFull,ac49086f,6,0,-6537752376650671640,7.779019e-03,3,80,0.1204,4.565253e-07,cuda,1747258505.958,2.816,0.7569,0.7692,0.7569,3,159,1.0970,0.6600,0.247
MultiStage_CPUScreen_GPUFull,ac49086f,6,0,2442925378812877347,7.887132e-03,3,80,0.0000,4.565253e-07,cuda,1747258508.775,2.765,0.7700,0.7738,0.7700,4,101,1.0643,0.6710,0.097
MultiStage_CPUScreen_GPUFull,ac49086f,6,0,-45276621515857850,1.086805e-02,3,80,0.1204,4.565253e-07,cuda,1747258511.541,3.161,0.7510,0.7616,0.7510,4,157,1.0401,0.6255,0.099
MultiStage_CPUScreen_GPUFull,ac49086f,6,1,-3470678060178549865,5.817866e-03,2,90,0.0655,6.056448e-05,cuda,1747258514.702,2.743,0.7657,0.7644,0.7657,3,108,1.1303,0.6570,0.157
MultiStage_CPUScreen_GPUFull,ac49086f,6,1,1119931585393921549,1.301194e-03,1,107,0.4330,4.327959e-05,cuda,1747258517.445,2.463,0.7437,0.7428,0.7437,2,184,0.5080,0.5495,0.282
MultiStage_CPUScreen_GPUFull,ac49086f,6,1,-5862088607176565027,1.301194e-03,1,107,0.4221,4.327959e-05,cuda,1747258519.909,2.820,0.7370,0.7418,0.7370,3,151,0.4522,0.5200,0.102
MultiStage_CPUScreen_GPUFull,ac49086f,6,1,8057490175534397207,9.892850e-04,1,112,0.4289,4.327959e-05,cuda,1747258522.729,2.536,0.7423,0.7448,0.7423,2,202,0.4063,0.5445,0.149
MultiStage_CPUScreen_GPUFull,ac49086f,7,0,-1873278669509922423,9.926436e-03,3,96,0.1204,4.565253e-07,cuda,1747258526.712,3.447,0.7418,0.7514,0.7418,5,147,1.1416,0.6775,0.125
MultiStage_CPUScreen_GPUFull,ac49086f,7,0,-1158757588670645487,7.887132e-03,3,104,0.0000,4.565253e-07,cuda,1747258530.159,2.792,0.7662,0.7744,0.7662,4,126,1.1009,0.6245,0.223
MultiStage_CPUScreen_GPUFull,ac49086f,7,0,2442925378812877347,7.887132e-03,3,80,0.0000,4.565253e-07,cuda,1747258532.951,2.785,0.7767,0.7798,0.7767,4,117,1.0996,0.6520,0.178
MultiStage_CPUScreen_GPUFull,ac49086f,7,0,2442925378812877347,7.887132e-03,3,80,0.0000,4.565253e-07,cuda,1747258535.736,2.771,0.7684,0.7714,0.7684,4,118,1.0683,0.6765,0.149
MultiStage_CPUScreen_GPUFull,ac49086f,7,2,3136527871133548243,6.549958e-03,2,80,0.2245,7.286286e-07,cuda,1747258537.079,2.828,0.7512,0.7572,0.7512,3,106,1.1113,0.6360,0.186
MultiStage_CPUScreen_GPUFull,ac49086f,7,2,613372987736723382,6.549958e-03,1,80,0.2245,7.286286e-07,cuda,1747258539.907,2.131,0.7551,0.7600,0.7551,1,126,1.0995,0.6405,0.161
MultiStage_CPUScreen_GPUFull,ac49086f,7,2,-8063535829377355965,6.549958e-03,1,104,0.2245,7.286286e-07,cuda,1747258542.039,2.646,0.7480,0.7498,0.7480,2,177,1.0819,0.6620,0.107
MultiStage_CPUScreen_GPUFull,ac49086f,7,2,-4288148409670993479,6.549958e-03,1,80,0.1711,6.721369e-07,cuda,1747258544.686,2.177,0.7557,0.7548,0.7557,1,126,1.0354,0.6285,0.332
MultiStage_CPUScreen_GPUFull,ac49086f,7,1,7784264753063563464,5.817866e-03,2,90,0.0655,5.667699e-05,cuda,1747258546.863,2.477,0.7582,0.7618,0.7582,2,122,1.0931,0.6440,0.215
MultiStage_CPUScreen_GPUFull,ac49086f,7,1,4799447921616062859,5.648007e-03,2,77,0.1737,6.048840e-06,cuda,1747258549.340,2.458,0.7594,0.7570,0.7594,2,149,1.0826,0.6700,0.130
MultiStage_CPUScreen_GPUFull,ac49086f,7,1,2728468804765475459,5.817866e-03,2,90,0.0655,6.902304e-05,cuda,1747258551.799,3.081,0.7619,0.7696,0.7619,4,160,1.0791,0.6550,0.207
MultiStage_CPUScreen_GPUFull,ac49086f,7,1,9132350336594205185,4.950219e-03,2,74,0.4338,1.774474e-07,cuda,1747258554.879,2.798,0.7405,0.7520,0.7405,3,145,0.9511,0.5600,0.168
MultiStage_CPUScreen_GPUFull,ac49086f,8,1,-7973828693853268064,4.848475e-03,2,90,0.0655,6.902304e-05,cuda,1747258558.830,3.036,0.7639,0.7736,0.7639,3,118,1.0819,0.6725,0.090
MultiStage_CPUScreen_GPUFull,ac49086f,8,1,-7525018809309680229,5.817866e-03,2,72,0.0655,6.902304e-05,cuda,1747258561.866,3.109,0.7673,0.7704,0.7673,4,101,1.0801,0.6570,0.152
MultiStage_CPUScreen_GPUFull,ac49086f,8,1,8436491846062363612,7.082421e-03,2,77,0.1737,6.622267e-06,cuda,1747258564.975,2.778,0.7491,0.7598,0.7491,3,95,1.0458,0.6160,0.086
MultiStage_CPUScreen_GPUFull,ac49086f,8,1,-3845469689102039119,5.648007e-03,2,77,0.1737,5.454880e-06,cuda,1747258567.753,2.805,0.7581,0.7614,0.7581,3,129,1.0421,0.6640,0.089
MultiStage_CPUScreen_GPUFull,ac49086f,8,0,3336614470633259928,7.887132e-03,2,80,0.0000,4.565253e-07,cuda,1747258569.162,2.883,0.7587,0.7598,0.7587,4,145,1.1343,0.6730,0.156
MultiStage_CPUScreen_GPUFull,ac49086f,8,0,-3894373759628682145,7.887132e-03,3,72,0.0000,4.565253e-07,cuda,1747258572.046,2.808,0.7630,0.7738,0.7630,4,116,1.0947,0.6550,0.203
MultiStage_CPUScreen_GPUFull,ac49086f,8,0,8370326260314490968,8.764631e-03,3,80,0.0000,4.565253e-07,cuda,1747258574.855,2.991,0.7599,0.7674,0.7599,5,119,1.0898,0.6655,0.651
MultiStage_CPUScreen_GPUFull,ac49086f,8,0,-3863581669193870819,7.887132e-03,3,80,0.0976,4.565253e-07,cuda,1747258577.846,3.190,0.7515,0.7570,0.7515,4,128,1.0896,0.6530,0.118
MultiStage_CPUScreen_GPUFull,ac49086f,8,2,-1641402271660865576,6.549958e-03,1,80,0.2245,7.420250e-07,cuda,1747258581.037,2.216,0.7542,0.7524,0.7542,1,105,1.2212,0.6460,0.140
MultiStage_CPUScreen_GPUFull,ac49086f,8,2,962849249386262883,6.549958e-03,1,80,0.2289,6.721369e-07,cuda,1747258583.253,2.173,0.7538,0.7578,0.7538,1,135,1.1578,0.6465,0.165
MultiStage_CPUScreen_GPUFull,ac49086f,8,2,4422189861595378671,5.330936e-03,1,80,0.1711,6.721369e-07,cuda,1747258585.427,2.864,0.7597,0.7634,0.7597,3,154,1.0944,0.6235,0.170
MultiStage_CPUScreen_GPUFull,ac49086f,8,2,-3850290025421170263,6.549958e-03,1,64,0.1711,6.721369e-07,cuda,1747258588.292,2.455,0.7617,0.7776,0.7617,2,120,0.9934,0.6290,0.318
MultiStage_CPUScreen_GPUFull,ac49086f,9,0,-2299998093165255865,7.887132e-03,3,80,0.0000,5.743226e-07,cuda,1747258592.362,2.895,0.7715,0.7758,0.7715,4,98,1.1534,0.6530,0.188
MultiStage_CPUScreen_GPUFull,ac49086f,9,0,3336614470633259928,7.887132e-03,2,80,0.0000,4.565253e-07,cuda,1747258595.257,2.380,0.7657,0.7730,0.7657,2,99,1.1458,0.6790,0.261
MultiStage_CPUScreen_GPUFull,ac49086f,9,0,-4344514562808276434,7.887132e-03,3,96,0.0000,4.565253e-07,cuda,1747258597.638,2.831,0.7667,0.7698,0.7667,4,125,1.1326,0.6945,0.211
MultiStage_CPUScreen_GPUFull,ac49086f,9,0,5665107721685036246,7.887132e-03,3,80,0.0631,4.565253e-07,cuda,1747258599.003,3.322,0.7548,0.7550,0.7548,4,158,1.0601,0.6675,0.234
MultiStage_CPUScreen_GPUFull,ac49086f,9,2,-1635524483029932478,6.225547e-03,1,101,0.2909,2.443302e-06,cuda,1747258602.325,2.829,0.7450,0.7496,0.7450,3,152,1.1374,0.6535,0.227
MultiStage_CPUScreen_GPUFull,ac49086f,9,2,3051330408327082323,6.549958e-03,2,80,0.2245,6.721369e-07,cuda,1747258605.154,3.115,0.7484,0.7580,0.7484,4,139,1.0895,0.6430,0.167
MultiStage_CPUScreen_GPUFull,ac49086f,9,2,6405772329168556917,6.549958e-03,1,64,0.1711,5.368742e-07,cuda,1747258608.269,2.454,0.7564,0.7592,0.7564,2,94,1.0414,0.6175,0.135
MultiStage_CPUScreen_GPUFull,ac49086f,9,2,-2932293416185905046,5.330936e-03,1,80,0.1711,4.922769e-07,cuda,1747258610.723,2.199,0.7515,0.7494,0.7515,1,116,1.0257,0.6265,0.190
MultiStage_CPUScreen_GPUFull,ac49086f,9,1,-7525018809309680229,5.817866e-03,2,72,0.0655,6.902304e-05,cuda,1747258612.923,2.546,0.7523,0.7644,0.7523,2,112,1.0932,0.6565,0.191
MultiStage_CPUScreen_GPUFull,ac49086f,9,1,3007695509294509912,5.917350e-03,2,90,0.0655,6.056448e-05,cuda,1747258615.469,2.914,0.7602,0.7668,0.7602,3,118,1.0646,0.6340,0.213
MultiStage_CPUScreen_GPUFull,ac49086f,9,1,2768334776124896289,4.848475e-03,2,64,0.0655,6.902304e-05,cuda,1747258618.384,3.177,0.7595,0.7664,0.7595,4,86,0.9508,0.6125,0.290
MultiStage_CPUScreen_GPUFull,ac49086f,9,1,-1622465063705054721,5.817866e-03,2,72,0.0655,4.654893e-05,cuda,1747258621.560,2.476,0.7572,0.7608,0.7572,2,95,0.9405,0.5635,0.158
MultiStage_CPUScreen_GPUFull,ac49086f,10,1,-7985946586958043122,5.817866e-03,2,88,0.0655,6.056448e-05,cuda,1747258625.541,3.076,0.7553,0.7714,0.7553,3,105,1.0911,0.6445,0.145
MultiStage_CPUScreen_GPUFull,ac49086f,10,1,8284354162520753002,5.817866e-03,2,112,0.0655,6.056448e-05,cuda,1747258628.617,2.712,0.7633,0.7720,0.7633,2,180,1.0860,0.6410,0.179
MultiStage_CPUScreen_GPUFull,ac49086f,10,1,-1629578821917215463,5.817866e-03,2,80,0.0655,6.902304e-05,cuda,1747258629.847,2.823,0.7650,0.7766,0.7650,3,152,1.0573,0.6280,0.317
MultiStage_CPUScreen_GPUFull,ac49086f,10,1,-7240663253074916536,5.817866e-03,2,90,0.1153,6.056448e-05,cuda,1747258632.671,2.778,0.7641,0.7718,0.7641,3,112,1.0483,0.6415,0.147
MultiStage_CPUScreen_GPUFull,ac49086f,10,2,-4750417729865470829,6.549958e-03,1,64,0.1711,7.070930e-07,cuda,1747258635.450,2.399,0.7513,0.7564,0.7513,2,76,1.1521,0.6420,0.196
MultiStage_CPUScreen_GPUFull,ac49086f,10,2,-1578325142422243612,6.549958e-03,1,64,0.1711,8.317334e-07,cuda,1747258637.850,2.785,0.7596,0.7620,0.7596,3,122,1.1131,0.6470,0.230
MultiStage_CPUScreen_GPUFull,ac49086f,10,2,-6600747762818507911,6.549958e-03,2,64,0.1711,6.721369e-07,cuda,1747258640.635,3.065,0.7529,0.7600,0.7529,4,97,1.0678,0.6145,0.172
MultiStage_CPUScreen_GPUFull,ac49086f,10,2,1833269133356575097,6.549958e-03,1,80,0.4145,6.721369e-07,cuda,1747258643.700,2.475,0.7419,0.7494,0.7419,2,150,1.0452,0.6545,0.113
MultiStage_CPUScreen_GPUFull,ac49086f,10,0,3336614470633259928,7.887132e-03,2,80,0.0000,4.565253e-07,cuda,1747258646.176,2.733,0.7621,0.7684,0.7621,4,97,1.1111,0.6830,0.084
MultiStage_CPUScreen_GPUFull,ac49086f,10,0,-2299998093165255865,7.887132e-03,3,80,0.0000,5.743226e-07,cuda,1747258648.909,2.969,0.7522,0.7570,0.7522,5,132,1.0909,0.6695,0.113
MultiStage_CPUScreen_GPUFull,ac49086f,10,0,-1543024031505222246,7.887132e-03,3,56,0.0000,4.565253e-07,cuda,1747258651.878,2.701,0.7621,0.7692,0.7621,4,76,1.0841,0.6665,0.271
MultiStage_CPUScreen_GPUFull,ac49086f,10,0,908930349551158686,7.887132e-03,3,80,0.0000,4.988839e-07,cuda,1747258654.580,2.868,0.7580,0.7678,0.7580,4,99,1.0630,0.6755,0.272
MultiStage_CPUScreen_GPUFull,ac49086f,11,0,-2299998093165255865,7.887132e-03,3,80,0.0000,5.743226e-07,cuda,1747258659.099,2.983,0.7554,0.7666,0.7554,4,128,1.1454,0.6750,0.161
MultiStage_CPUScreen_GPUFull,ac49086f,11,0,-3894373759628682145,7.887132e-03,3,72,0.0000,4.565253e-07,cuda,1747258660.643,3.041,0.7566,0.7696,0.7566,5,135,1.1380,0.6490,0.182
MultiStage_CPUScreen_GPUFull,ac49086f,11,0,-2246589594934906678,7.034285e-03,3,80,0.0000,4.565253e-07,cuda,1747258663.684,2.476,0.7704,0.7830,0.7704,3,105,1.0921,0.6585,0.212
MultiStage_CPUScreen_GPUFull,ac49086f,11,0,-2299998093165255865,7.887132e-03,3,80,0.0000,5.743226e-07,cuda,1747258666.160,2.523,0.7713,0.7700,0.7713,3,129,1.0535,0.6545,0.260
MultiStage_CPUScreen_GPUFull,ac49086f,11,1,976631625931303517,5.817866e-03,2,80,0.0655,6.926944e-05,cuda,1747258668.684,2.757,0.7652,0.7640,0.7652,3,97,1.0966,0.6570,0.206
MultiStage_CPUScreen_GPUFull,ac49086f,11,1,-7587027068154233351,5.817866e-03,2,80,0.0655,4.448168e-05,cuda,1747258671.442,2.806,0.7626,0.7706,0.7626,3,154,1.0899,0.6305,0.288
MultiStage_CPUScreen_GPUFull,ac49086f,11,1,-1629578821917215463,5.817866e-03,2,80,0.0655,6.902304e-05,cuda,1747258674.248,3.080,0.7639,0.7642,0.7639,4,128,1.0704,0.6490,0.280
MultiStage_CPUScreen_GPUFull,ac49086f,11,1,-7715296626037124103,5.817866e-03,2,80,0.0655,8.300982e-05,cuda,1747258677.329,2.773,0.7579,0.7684,0.7579,3,151,1.0654,0.6250,0.200
MultiStage_CPUScreen_GPUFull,ac49086f,11,2,8971550543822116375,5.330936e-03,1,80,0.1711,8.309664e-07,cuda,1747258680.103,2.480,0.7322,0.7362,0.7322,2,136,1.1765,0.6520,0.214
MultiStage_CPUScreen_GPUFull,ac49086f,11,2,-1244964747190917155,6.549958e-03,1,64,0.1711,6.426183e-07,cuda,1747258682.583,2.422,0.7573,0.7602,0.7573,2,83,1.1537,0.6235,0.181
MultiStage_CPUScreen_GPUFull,ac49086f,11,2,4975893023744398419,6.827620e-03,1,64,0.1711,6.721369e-07,cuda,1747258685.005,2.494,0.7594,0.7668,0.7594,2,110,1.1240,0.6385,0.233
MultiStage_CPUScreen_GPUFull,ac49086f,11,2,-1579794868691042100,8.842786e-03,1,64,0.1711,6.721369e-07,cuda,1747258687.500,2.453,0.7587,0.7688,0.7587,2,119,1.0902,0.6665,0.229
MultiStage_CPUScreen_GPUFull,ac49086f,12,1,-1351242905030213113,5.817866e-03,1,80,0.0655,6.926944e-05,cuda,1747258691.338,2.564,0.7716,0.7742,0.7716,2,128,1.0951,0.6435,0.212
MultiStage_CPUScreen_GPUFull,ac49086f,12,1,-8096211559887815278,5.817866e-03,2,80,0.0655,6.818805e-05,cuda,1747258692.453,3.055,0.7568,0.7708,0.7568,4,96,1.0789,0.6640,0.142
MultiStage_CPUScreen_GPUFull,ac49086f,12,1,6210333450624605456,6.182932e-03,2,80,0.0655,6.926944e-05,cuda,1747258695.508,2.503,0.7625,0.7708,0.7625,2,146,1.0485,0.6285,0.204
MultiStage_CPUScreen_GPUFull,ac49086f,12,1,-7175076345737977763,5.817866e-03,2,80,0.0655,5.982351e-05,cuda,1747258698.012,3.054,0.7594,0.7620,0.7594,4,139,1.0376,0.6655,0.199
MultiStage_CPUScreen_GPUFull,ac49086f,12,2,3051330408327082323,6.549958e-03,2,80,0.2245,6.721369e-07,cuda,1747258701.067,2.801,0.7545,0.7694,0.7545,3,128,1.1382,0.6465,0.192
MultiStage_CPUScreen_GPUFull,ac49086f,12,2,-3850290025421170263,6.549958e-03,1,64,0.1711,6.721369e-07,cuda,1747258703.868,2.805,0.7481,0.7546,0.7481,3,114,1.0958,0.6360,0.233
MultiStage_CPUScreen_GPUFull,ac49086f,12,2,-4065203695083440315,5.330936e-03,1,80,0.0670,6.721369e-07,cuda,1747258706.674,2.435,0.7620,0.7692,0.7620,2,131,1.0826,0.6380,0.143
MultiStage_CPUScreen_GPUFull,ac49086f,12,2,-2097986825093107863,6.549958e-03,1,64,0.2953,6.721369e-07,cuda,1747258709.110,2.513,0.7349,0.7412,0.7349,2,101,1.0770,0.6285,0.154
MultiStage_CPUScreen_GPUFull,ac49086f,12,0,2442925378812877347,7.887132e-03,3,80,0.0000,4.565253e-07,cuda,1747258711.624,2.796,0.7581,0.7636,0.7581,4,156,1.1025,0.6885,0.087
MultiStage_CPUScreen_GPUFull,ac49086f,12,0,-4857756938531114469,7.887132e-03,3,80,0.0066,4.565253e-07,cuda,1747258714.420,3.012,0.7742,0.7712,0.7742,4,129,1.0596,0.6680,0.093
MultiStage_CPUScreen_GPUFull,ac49086f,12,0,-8103906964993967972,7.887132e-03,3,80,0.0000,2.867406e-07,cuda,1747258717.432,2.481,0.7715,0.7732,0.7715,3,120,1.0415,0.5880,0.412
MultiStage_CPUScreen_GPUFull,ac49086f,12,0,-1070790759673037367,7.887132e-03,3,80,0.0000,3.906335e-07,cuda,1747258719.913,2.981,0.7594,0.7642,0.7594,5,122,1.0394,0.6605,0.170
MultiStage_CPUScreen_GPUFull,ac49086f,13,2,8210258369197290227,6.549958e-03,1,80,0.2245,6.721369e-07,cuda,1747258722.950,2.577,0.7476,0.7550,0.7476,2,155,1.1349,0.6505,0.269
MultiStage_CPUScreen_GPUFull,ac49086f,13,2,8210258369197290227,6.549958e-03,1,80,0.2245,6.721369e-07,cuda,1747258725.528,2.379,0.7511,0.7586,0.7511,2,118,1.1227,0.6525,0.110
MultiStage_CPUScreen_GPUFull,ac49086f,13,2,699756470535717238,6.549958e-03,1,80,0.1376,6.721369e-07,cuda,1747258727.907,2.884,0.7545,0.7590,0.7545,3,101,1.1163,0.6415,0.185
MultiStage_CPUScreen_GPUFull,ac49086f,13,2,2710686637599763673,9.094835e-03,1,80,0.2245,6.721369e-07,cuda,1747258730.791,2.506,0.7413,0.7442,0.7413,2,148,1.1020,0.6775,0.163
MultiStage_CPUScreen_GPUFull,ac49086f,13,0,-407025449966604490,1.009956e-02,3,80,0.0000,5.743226e-07,cuda,1747258733.298,2.775,0.7605,0.7708,0.7605,4,136,1.1108,0.6550,0.242
MultiStage_CPUScreen_GPUFull,ac49086f,13,0,-4208207073506207116,7.887132e-03,3,80,0.0002,4.565253e-07,cuda,1747258736.073,3.042,0.7604,0.7718,0.7604,4,121,1.0855,0.6930,0.158
MultiStage_CPUScreen_GPUFull,ac49086f,13,0,-2299998093165255865,7.887132e-03,3,80,0.0000,5.743226e-07,cuda,1747258739.115,2.960,0.7671,0.7704,0.7671,5,96,1.0685,0.6490,0.360
MultiStage_CPUScreen_GPUFull,ac49086f,13,0,6683117044567563818,5.638634e-03,3,80,0.0066,4.565253e-07,cuda,1747258742.076,3.145,0.7606,0.7580,0.7606,4,130,1.0109,0.5890,0.169
MultiStage_CPUScreen_GPUFull,ac49086f,13,1,-2324300828083278478,5.817866e-03,2,90,0.0001,6.056448e-05,cuda,1747258745.221,3.053,0.7693,0.7796,0.7693,4,108,1.1500,0.6285,0.096
MultiStage_CPUScreen_GPUFull,ac49086f,13,1,-1629578821917215463,5.817866e-03,2,80,0.0655,6.902304e-05,cuda,1747258748.274,3.125,0.7523,0.7568,0.7523,4,104,1.0748,0.6360,0.207
MultiStage_CPUScreen_GPUFull,ac49086f,13,1,4277048367971108168,5.817866e-03,2,90,0.1115,6.056448e-05,cuda,1747258751.399,2.820,0.7593,0.7676,0.7593,3,171,1.0436,0.6300,0.169
MultiStage_CPUScreen_GPUFull,ac49086f,13,1,-6995253982738016021,5.817866e-03,1,88,0.0655,6.926944e-05,cuda,1747258752.802,2.095,0.7607,0.7572,0.7607,1,162,1.0112,0.6615,0.296
MultiStage_CPUScreen_GPUFull,ac49086f,14,1,-2079594230020389608,5.817866e-03,1,80,0.0655,4.916032e-05,cuda,1747258756.308,2.908,0.7546,0.7610,0.7546,3,142,1.1475,0.6475,0.153
MultiStage_CPUScreen_GPUFull,ac49086f,14,1,5174672252337543445,5.817866e-03,2,90,0.1523,6.056448e-05,cuda,1747258759.217,2.872,0.7590,0.7678,0.7590,3,113,1.1349,0.6515,0.239
MultiStage_CPUScreen_GPUFull,ac49086f,14,1,-1351242905030213113,5.817866e-03,1,80,0.0655,6.926944e-05,cuda,1747258762.089,2.818,0.7607,0.7676,0.7607,3,138,1.1267,0.6320,0.181
MultiStage_CPUScreen_GPUFull,ac49086f,14,1,3160308708517675143,5.976304e-03,1,80,0.0655,6.926944e-05,cuda,1747258764.908,2.441,0.7634,0.7660,0.7634,2,113,1.1013,0.6510,0.165
MultiStage_CPUScreen_GPUFull,ac49086f,14,2,4516716692598373676,5.330936e-03,1,80,0.0815,6.721369e-07,cuda,1747258767.349,2.268,0.7468,0.7596,0.7468,1,112,1.0832,0.6335,0.235
MultiStage_CPUScreen_GPUFull,ac49086f,14,2,-190037805081455135,6.549958e-03,1,64,0.2993,6.721369e-07,cuda,1747258769.617,2.461,0.7488,0.7558,0.7488,2,101,1.0571,0.6255,0.186
MultiStage_CPUScreen_GPUFull,ac49086f,14,2,-3741749986215025334,6.549958e-03,1,80,0.2124,6.721369e-07,cuda,1747258772.079,2.170,0.7489,0.7608,0.7489,1,100,1.0546,0.6435,0.136
MultiStage_CPUScreen_GPUFull,ac49086f,14,2,-9061872369980257305,5.558612e-03,1,64,0.1711,6.721369e-07,cuda,1747258774.249,2.822,0.7556,0.7624,0.7556,3,78,1.0522,0.6425,0.079
MultiStage_CPUScreen_GPUFull,ac49086f,14,0,-2299998093165255865,7.887132e-03,3,80,0.0000,5.743226e-07,cuda,1747258777.071,2.763,0.7592,0.7630,0.7592,4,105,1.1548,0.6620,0.092
MultiStage_CPUScreen_GPUFull,ac49086f,14,0,2442925378812877347,7.887132e-03,3,80,0.0000,4.565253e-07,cuda,1747258779.835,3.413,0.7699,0.7728,0.7699,4,103,1.1274,0.6710,0.177
MultiStage_CPUScreen_GPUFull,ac49086f,14,0,-2299998093165255865,7.887132e-03,3,80,0.0000,5.743226e-07,cuda,1747258783.248,2.831,0.7686,0.7688,0.7686,4,141,1.0631,0.6140,0.160
MultiStage_CPUScreen_GPUFull,ac49086f,14,0,2442925378812877347,7.887132e-03,3,80,0.0000,4.565253e-07,cuda,1747258784.540,2.782,0.7561,0.7536,0.7561,4,130,1.0441,0.6430,0.231
MultiStage_CPUScreen_GPUFull,ac49086f,15,1,-5745339237573763138,5.817866e-03,1,104,0.0655,6.926944e-05,cuda,1747258788.829,2.662,0.7653,0.7710,0.7653,2,168,1.1459,0.6685,0.211
MultiStage_CPUScreen_GPUFull,ac49086f,15,1,-7542957507820585917,5.817866e-03,1,80,0.0655,8.058821e-05,cuda,1747258791.490,2.871,0.7577,0.7640,0.7577,3,113,1.1316,0.6585,0.205
MultiStage_CPUScreen_GPUFull,ac49086f,15,1,5498516598033750514,5.817866e-03,2,112,0.0001,6.056448e-05,cuda,1747258794.361,2.908,0.7654,0.7838,0.7654,3,171,1.0756,0.5855,0.259
MultiStage_CPUScreen_GPUFull,ac49086f,15,1,-59749735977144037,5.263815e-03,2,90,0.0001,6.056448e-05,cuda,1747258797.270,2.847,0.7766,0.7844,0.7766,3,167,1.0548,0.6505,0.122
MultiStage_CPUScreen_GPUFull,ac49086f,15,2,-6946099969876478018,6.549958e-03,1,72,0.1711,6.721369e-07,cuda,1747258800.117,2.477,0.7617,0.7662,0.7617,2,117,1.1067,0.6485,0.224
MultiStage_CPUScreen_GPUFull,ac49086f,15,2,4157327191978951631,6.549958e-03,1,80,0.2245,5.642063e-07,cuda,1747258802.594,2.502,0.7492,0.7510,0.7492,2,130,1.0941,0.6475,0.158
MultiStage_CPUScreen_GPUFull,ac49086f,15,2,-8894901609985335466,6.549958e-03,1,80,0.3507,6.721369e-07,cuda,1747258805.097,2.553,0.7473,0.7564,0.7473,2,143,1.0809,0.6465,0.288
MultiStage_CPUScreen_GPUFull,ac49086f,15,2,7482570609856668139,5.330936e-03,1,80,0.1601,6.721369e-07,cuda,1747258807.650,2.511,0.7530,0.7646,0.7530,2,98,1.0364,0.6295,0.170
MultiStage_CPUScreen_GPUFull,ac49086f,15,0,-2299998093165255865,7.887132e-03,3,80,0.0000,5.743226e-07,cuda,1747258810.161,3.002,0.7651,0.7702,0.7651,4,121,1.1499,0.6720,0.235
MultiStage_CPUScreen_GPUFull,ac49086f,15,0,603258852020260223,6.211510e-03,3,80,0.0000,4.565253e-07,cuda,1747258813.164,3.124,0.7668,0.7802,0.7668,5,122,1.0621,0.6585,0.254
MultiStage_CPUScreen_GPUFull,ac49086f,15,0,2554802462609494856,7.859289e-03,3,80,0.0000,4.565253e-07,cuda,1747258814.777,2.587,0.7646,0.7710,0.7646,3,122,1.0569,0.6675,0.250
MultiStage_CPUScreen_GPUFull,ac49086f,15,0,2655258122746772956,9.355197e-03,1,31,0.0763,1.156406e-07,cuda,1747258817.365,2.821,0.7455,0.7510,0.7455,3,40,1.0530,0.6520,0.237
MultiStage_CPUScreen_GPUFull,ac49086f,16,1,-4721091610819076880,5.817866e-03,1,90,0.0001,6.056448e-05,cuda,1747258821.616,3.044,0.7634,0.7652,0.7634,2,111,1.1465,0.6365,0.206
MultiStage_CPUScreen_GPUFull,ac49086f,16,1,-6271565548180557816,5.263815e-03,2,112,0.0001,6.056448e-05,cuda,1747258824.660,2.706,0.7687,0.7780,0.7687,2,176,1.1269,0.6520,0.114
MultiStage_CPUScreen_GPUFull,ac49086f,16,1,-3180832598202567902,5.817866e-03,2,120,0.0001,6.056448e-05,cuda,1747258827.367,2.383,0.7785,0.7824,0.7785,2,228,1.1166,0.6660,0.193
MultiStage_CPUScreen_GPUFull,ac49086f,16,1,-4625029462664838438,5.817866e-03,1,80,0.1919,6.926944e-05,cuda,1747258829.751,2.175,0.7481,0.7566,0.7481,1,122,1.1097,0.6310,0.113
MultiStage_CPUScreen_GPUFull,ac49086f,16,2,-3850290025421170263,6.549958e-03,1,64,0.1711,6.721369e-07,cuda,1747258831.926,2.264,0.7457,0.7530,0.7457,1,125,1.1199,0.6160,0.079
MultiStage_CPUScreen_GPUFull,ac49086f,16,2,6881675556961674915,6.065126e-03,1,80,0.0670,6.721369e-07,cuda,1747258834.190,2.562,0.7567,0.7614,0.7567,2,104,1.1086,0.6405,0.186
MultiStage_CPUScreen_GPUFull,ac49086f,16,2,-3850290025421170263,6.549958e-03,1,64,0.1711,6.721369e-07,cuda,1747258836.752,2.536,0.7601,0.7616,0.7601,2,126,1.0890,0.6465,0.097
MultiStage_CPUScreen_GPUFull,ac49086f,16,2,-3856729258337524963,5.330936e-03,1,104,0.0670,6.721369e-07,cuda,1747258839.289,2.591,0.7638,0.7792,0.7638,2,162,1.0797,0.6455,0.132
MultiStage_CPUScreen_GPUFull,ac49086f,16,0,3568131413151365529,8.982893e-03,3,80,0.0066,4.565253e-07,cuda,1747258841.880,3.190,0.7698,0.7774,0.7698,4,152,1.1452,0.6665,0.102
MultiStage_CPUScreen_GPUFull,ac49086f,16,0,2442925378812877347,7.887132e-03,3,80,0.0000,4.565253e-07,cuda,1747258845.070,2.522,0.7684,0.7760,0.7684,3,101,1.1107,0.6305,0.251
MultiStage_CPUScreen_GPUFull,ac49086f,16,0,-4857756938531114469,7.887132e-03,3,80,0.0066,4.565253e-07,cuda,1747258846.149,3.154,0.7641,0.7722,0.7641,4,142,1.1005,0.6285,0.098
MultiStage_CPUScreen_GPUFull,ac49086f,16,0,-5197155916356468744,8.077403e-03,3,80,0.0066,4.565253e-07,cuda,1747258849.304,3.352,0.7460,0.7614,0.7460,5,117,1.0449,0.6420,0.486
MultiStage_CPUScreen_GPUFull,ac49086f,17,2,4707831766123051988,5.330936e-03,1,104,0.0670,6.681460e-07,cuda,1747258854.095,2.677,0.7721,0.7698,0.7721,2,206,1.0914,0.6455,0.205
MultiStage_CPUScreen_GPUFull,ac49086f,17,2,-3856729258337524963,5.330936e-03,1,104,0.0670,6.721369e-07,cuda,1747258856.772,2.500,0.7657,0.7728,0.7657,2,206,1.0681,0.6435,0.179
MultiStage_CPUScreen_GPUFull,ac49086f,17,2,2766717093412487833,5.330936e-03,1,80,0.0470,6.721369e-07,cuda,1747258859.273,2.888,0.7613,0.7638,0.7613,3,135,1.0445,0.6325,0.176
MultiStage_CPUScreen_GPUFull,ac49086f,17,2,-3850290025421170263,6.549958e-03,1,64,0.1711,6.721369e-07,cuda,1747258862.161,2.272,0.7514,0.7558,0.7514,1,110,1.0222,0.6315,0.135
MultiStage_CPUScreen_GPUFull,ac49086f,17,0,9204576694054892625,6.898493e-03,3,80,0.0000,5.743226e-07,cuda,1747258864.434,3.047,0.7726,0.7762,0.7726,5,134,1.1686,0.6640,0.296
MultiStage_CPUScreen_GPUFull,ac49086f,17,0,3336614470633259928,7.887132e-03,2,80,0.0000,4.565253e-07,cuda,1747258867.482,2.294,0.7633,0.7796,0.7633,2,134,1.1558,0.6865,0.170
MultiStage_CPUScreen_GPUFull,ac49086f,17,0,3689969105769784757,7.887132e-03,3,96,0.0066,4.565253e-07,cuda,1747258869.776,3.163,0.7555,0.7660,0.7555,4,153,1.1240,0.6340,0.343
MultiStage_CPUScreen_GPUFull,ac49086f,17,0,-987542163426835554,7.887132e-03,3,80,0.0066,6.134011e-07,cuda,1747258872.940,3.422,0.7533,0.7648,0.7533,5,116,1.0667,0.6730,0.193
MultiStage_CPUScreen_GPUFull,ac49086f,17,1,3244720669417215238,5.817866e-03,2,120,0.0001,4.816074e-05,cuda,1747258874.908,3.145,0.7656,0.7728,0.7656,4,152,1.1112,0.6880,0.269
MultiStage_CPUScreen_GPUFull,ac49086f,17,1,-1351242905030213113,5.817866e-03,1,80,0.0655,6.926944e-05,cuda,1747258878.053,2.491,0.7643,0.7710,0.7643,2,110,1.0968,0.6400,0.211
MultiStage_CPUScreen_GPUFull,ac49086f,17,1,5718008908048315715,5.817866e-03,2,120,0.0000,6.056448e-05,cuda,1747258880.544,2.466,0.7600,0.7644,0.7600,2,163,1.0629,0.6645,0.268
MultiStage_CPUScreen_GPUFull,ac49086f,17,1,976631625931303517,5.817866e-03,2,80,0.0655,6.926944e-05,cuda,1747258883.010,3.138,0.7635,0.7682,0.7635,4,144,1.0397,0.6345,0.182
MultiStage_CPUScreen_GPUFull,ac49086f,18,0,4739758676184210055,7.887132e-03,3,80,0.0066,4.128598e-07,cuda,1747258887.783,3.467,0.7691,0.7702,0.7691,5,112,1.0969,0.6325,0.328
MultiStage_CPUScreen_GPUFull,ac49086f,18,0,9042817885738688681,7.887132e-03,3,80,0.0000,2.753470e-07,cuda,1747258891.250,2.582,0.7695,0.7736,0.7695,3,114,1.0841,0.6560,0.202
MultiStage_CPUScreen_GPUFull,ac49086f,18,0,-549620006155856762,6.037745e-03,3,80,0.0000,5.743226e-07,cuda,1747258893.833,2.950,0.7582,0.7580,0.7582,4,104,1.0702,0.6775,0.092
MultiStage_CPUScreen_GPUFull,ac49086f,18,0,9204576694054892625,6.898493e-03,3,80,0.0000,5.743226e-07,cuda,1747258896.784,2.809,0.7662,0.7750,0.7662,4,121,1.0698,0.6340,0.210
MultiStage_CPUScreen_GPUFull,ac49086f,18,1,-5928647410491378881,5.942071e-03,2,120,0.0001,6.056448e-05,cuda,1747258899.593,2.878,0.7705,0.7848,0.7705,3,198,1.1933,0.6555,0.184
MultiStage_CPUScreen_GPUFull,ac49086f,18,1,-6995253982738016021,5.817866e-03,1,88,0.0655,6.926944e-05,cuda,1747258902.471,2.860,0.7618,0.7716,0.7618,3,158,1.1569,0.6465,0.212
MultiStage_CPUScreen_GPUFull,ac49086f,18,1,-1487538928616141584,5.817866e-03,2,120,0.0427,6.056448e-05,cuda,1747258905.332,2.457,0.7623,0.7670,0.7623,2,217,1.1267,0.6815,0.238
MultiStage_CPUScreen_GPUFull,ac49086f,18,1,8612680837200132512,5.817866e-03,2,120,0.0001,6.646446e-05,cuda,1747258906.362,2.949,0.7651,0.7668,0.7651,3,237,1.1074,0.6495,0.165
MultiStage_CPUScreen_GPUFull,ac49086f,18,2,-6539600370172502383,5.330936e-03,1,128,0.0670,6.721369e-07,cuda,1747258909.316,2.812,0.7703,0.7742,0.7703,3,204,1.1674,0.6740,0.135
MultiStage_CPUScreen_GPUFull,ac49086f,18,2,4713381153431116102,5.330936e-03,1,104,0.0670,4.942024e-07,cuda,1747258912.129,2.114,0.7570,0.7628,0.7570,1,159,1.1268,0.6430,0.190
MultiStage_CPUScreen_GPUFull,ac49086f,18,2,-7264827384177868314,6.571221e-03,1,104,0.0670,6.721369e-07,cuda,1747258914.243,2.921,0.7605,0.7616,0.7605,3,139,1.0961,0.6580,0.078
MultiStage_CPUScreen_GPUFull,ac49086f,18,2,8203292886546978489,4.548894e-03,1,104,0.0670,6.681460e-07,cuda,1747258917.165,2.483,0.7665,0.7658,0.7665,2,152,1.0799,0.6220,0.137
MultiStage_CPUScreen_GPUFull,ac49086f,19,1,7802611218334336170,5.817866e-03,1,80,0.0000,6.926944e-05,cuda,1747258920.854,2.321,0.7582,0.7598,0.7582,1,122,1.1638,0.6370,0.080
MultiStage_CPUScreen_GPUFull,ac49086f,19,1,-1351242905030213113,5.817866e-03,1,80,0.0655,6.926944e-05,cuda,1747258923.175,2.502,0.7578,0.7592,0.7578,2,120,1.1496,0.6375,0.089
MultiStage_CPUScreen_GPUFull,ac49086f,19,1,-2643854837756280583,5.817866e-03,3,120,0.0001,6.056448e-05,cuda,1747258925.678,3.179,0.7615,0.7674,0.7615,4,170,1.1257,0.6485,0.169
MultiStage_CPUScreen_GPUFull,ac49086f,19,1,-1351242905030213113,5.817866e-03,1,80,0.0655,6.926944e-05,cuda,1747258928.857,2.467,0.7602,0.7684,0.7602,2,110,1.0374,0.6410,0.278
MultiStage_CPUScreen_GPUFull,ac49086f,19,2,-3651583060492477530,5.330936e-03,1,128,0.0000,6.721369e-07,cuda,1747258931.325,2.369,0.7717,0.7818,0.7717,2,199,1.2072,0.6425,0.165
MultiStage_CPUScreen_GPUFull,ac49086f,19,2,3044400270184446013,5.195000e-03,1,128,0.0670,6.721369e-07,cuda,1747258933.694,2.964,0.7736,0.7736,0.7736,3,250,1.1709,0.6390,0.083
MultiStage_CPUScreen_GPUFull,ac49086f,19,2,383177461716113887,5.624049e-03,1,104,0.0670,6.681460e-07,cuda,1747258936.659,2.076,0.7608,0.7652,0.7608,1,142,1.1465,0.6515,0.154
MultiStage_CPUScreen_GPUFull,ac49086f,19,2,847995759411457235,5.630547e-03,1,104,0.0670,6.681460e-07,cuda,1747258937.250,2.876,0.7667,0.7746,0.7667,3,202,1.0936,0.6600,0.381
MultiStage_CPUScreen_GPUFull,ac49086f,19,0,3272020520102016951,7.887132e-03,2,80,0.0066,4.565253e-07,cuda,1747258940.126,3.032,0.7628,0.7692,0.7628,4,139,1.1673,0.6780,0.515
MultiStage_CPUScreen_GPUFull,ac49086f,19,0,8524221162369630906,9.498108e-03,3,80,0.0000,4.565253e-07,cuda,1747258943.158,3.024,0.7579,0.7702,0.7579,5,112,1.1604,0.6825,0.168
MultiStage_CPUScreen_GPUFull,ac49086f,19,0,-2050715251906045386,7.887132e-03,3,72,0.0066,4.565253e-07,cuda,1747258946.183,3.095,0.7517,0.7634,0.7517,4,93,1.0761,0.6625,0.256
MultiStage_CPUScreen_GPUFull,ac49086f,19,0,-1158757588670645487,7.887132e-03,3,104,0.0000,4.565253e-07,cuda,1747258949.278,3.153,0.7579,0.7624,0.7579,5,179,1.0747,0.6830,0.213
MultiStage_CPUScreen_GPUFull,ac49086f,20,0,4352133570537761610,9.174754e-03,3,80,0.0066,4.565253e-07,cuda,1747258953.887,2.970,0.7595,0.7656,0.7595,3,153,1.1471,0.6605,0.092
MultiStage_CPUScreen_GPUFull,ac49086f,20,0,6181712729132445601,7.887132e-03,3,80,0.0066,4.152265e-07,cuda,1747258956.857,3.129,0.7587,0.7646,0.7587,4,137,1.1209,0.6305,0.205
MultiStage_CPUScreen_GPUFull,ac49086f,20,0,-1918677823736456687,6.898493e-03,2,80,0.0000,5.743226e-07,cuda,1747258959.986,2.488,0.7747,0.7764,0.7747,3,123,1.0847,0.6635,0.167
MultiStage_CPUScreen_GPUFull,ac49086f,20,0,2442925378812877347,7.887132e-03,3,80,0.0000,4.565253e-07,cuda,1747258962.475,2.603,0.7703,0.7734,0.7703,3,145,1.0679,0.6410,0.127
MultiStage_CPUScreen_GPUFull,ac49086f,20,2,3044400270184446013,5.195000e-03,1,128,0.0670,6.721369e-07,cuda,1747258965.077,2.449,0.7685,0.7764,0.7685,2,222,1.2341,0.6270,0.245
MultiStage_CPUScreen_GPUFull,ac49086f,20,2,3906484734346446703,5.195000e-03,1,128,0.0670,4.983544e-07,cuda,1747258967.527,2.252,0.7433,0.7578,0.7433,1,225,1.2028,0.6425,0.218
MultiStage_CPUScreen_GPUFull,ac49086f,20,2,3837609362606510650,6.855472e-03,1,128,0.0670,6.721369e-07,cuda,1747258968.290,2.941,0.7681,0.7766,0.7681,3,254,1.1414,0.6785,0.327
MultiStage_CPUScreen_GPUFull,ac49086f,20,2,-3591205659140175297,5.330936e-03,1,104,0.0749,6.681460e-07,cuda,1747258971.232,2.092,0.7494,0.7514,0.7494,1,177,1.0931,0.6590,0.125
MultiStage_CPUScreen_GPUFull,ac49086f,20,1,6317353370801294488,5.817866e-03,1,80,0.1259,6.926944e-05,cuda,1747258973.325,2.810,0.7545,0.7580,0.7545,3,134,1.1766,0.6430,0.126
MultiStage_CPUScreen_GPUFull,ac49086f,20,1,-5986346025537161509,7.283402e-03,2,90,0.0001,6.056448e-05,cuda,1747258976.135,3.139,0.7681,0.7766,0.7681,4,131,1.0923,0.6365,0.222
MultiStage_CPUScreen_GPUFull,ac49086f,20,1,-4403424061480831409,5.817866e-03,2,120,0.1731,6.056448e-05,cuda,1747258979.274,2.520,0.7516,0.7612,0.7516,2,185,1.0871,0.6515,0.142
MultiStage_CPUScreen_GPUFull,ac49086f,20,1,7285899880586228412,5.263815e-03,2,90,0.0001,4.743472e-05,cuda,1747258981.795,2.469,0.7583,0.7608,0.7583,2,117,1.0452,0.6535,0.398
MultiStage_CPUScreen_GPUFull,ac49086f,21,0,-2625080762884978493,7.887132e-03,3,80,0.0066,4.919033e-07,cuda,1747258985.714,3.044,0.7662,0.7760,0.7662,3,98,1.1135,0.6330,0.257
MultiStage_CPUScreen_GPUFull,ac49086f,21,0,2442925378812877347,7.887132e-03,3,80,0.0000,4.565253e-07,cuda,1747258988.758,2.645,0.7669,0.7746,0.7669,3,158,1.0700,0.6635,0.179
MultiStage_CPUScreen_GPUFull,ac49086f,21,0,8535566951833303456,7.887132e-03,3,80,0.0000,5.033674e-07,cuda,1747258991.404,2.931,0.7752,0.7688,0.7752,4,128,1.0700,0.6305,0.127
MultiStage_CPUScreen_GPUFull,ac49086f,21,0,6584353917605835404,7.887132e-03,3,80,0.1567,4.565253e-07,cuda,1747258994.335,3.117,0.7505,0.7518,0.7505,4,103,1.0654,0.6605,0.161
MultiStage_CPUScreen_GPUFull,ac49086f,21,2,8325596643669284551,5.330936e-03,1,96,0.0670,6.681460e-07,cuda,1747258997.452,2.492,0.7589,0.7652,0.7589,2,139,1.2103,0.6335,0.228
MultiStage_CPUScreen_GPUFull,ac49086f,21,2,7739062513202073480,3.757288e-03,1,128,0.0000,6.721369e-07,cuda,1747258998.422,2.144,0.7511,0.7584,0.7511,1,238,1.1806,0.6365,0.184
MultiStage_CPUScreen_GPUFull,ac49086f,21,2,-6210728853445491148,5.195000e-03,1,104,0.0670,6.721369e-07,cuda,1747259000.567,2.550,0.7631,0.7646,0.7631,2,142,1.1516,0.6360,0.203
MultiStage_CPUScreen_GPUFull,ac49086f,21,2,-155190302950245628,5.330936e-03,1,104,0.2159,6.681460e-07,cuda,1747259003.117,2.873,0.7591,0.7632,0.7591,3,132,1.1062,0.6410,0.120
MultiStage_CPUScreen_GPUFull,ac49086f,21,1,-3636000524147863203,5.817866e-03,2,136,0.0001,6.056448e-05,cuda,1747259005.991,3.012,0.7596,0.7664,0.7596,3,255,1.1217,0.6675,0.339
MultiStage_CPUScreen_GPUFull,ac49086f,21,1,-8912778495121051730,5.263815e-03,2,90,0.0000,6.056448e-05,cuda,1747259009.003,2.507,0.7689,0.7748,0.7689,3,163,1.1183,0.6485,0.232
MultiStage_CPUScreen_GPUFull,ac49086f,21,1,1889352100199066495,5.263815e-03,2,90,0.0001,5.424064e-05,cuda,1747259011.510,2.734,0.7742,0.7736,0.7742,3,140,1.1166,0.6820,0.092
MultiStage_CPUScreen_GPUFull,ac49086f,21,1,-2643854837756280583,5.817866e-03,3,120,0.0001,6.056448e-05,cuda,1747259014.245,3.283,0.7632,0.7722,0.7632,5,193,1.0931,0.6455,0.224
MultiStage_CPUScreen_GPUFull,ac49086f,22,2,-3694402306426864464,5.330936e-03,1,176,0.0000,6.721369e-07,cuda,1747259018.796,2.435,0.7850,0.7864,0.7850,2,335,1.2107,0.6740,0.107
MultiStage_CPUScreen_GPUFull,ac49086f,22,2,8039857757067989451,8.856382e-03,1,47,0.2442,7.116040e-07,cuda,1747259021.231,2.071,0.7476,0.7446,0.7476,1,76,1.1635,0.6260,0.213
MultiStage_CPUScreen_GPUFull,ac49086f,22,2,-2730403784707959700,5.609463e-03,1,104,0.0670,6.681460e-07,cuda,1747259023.302,2.911,0.7644,0.7762,0.7644,3,168,1.1353,0.6360,0.087
MultiStage_CPUScreen_GPUFull,ac49086f,22,2,6567161837369098180,9.739470e-03,1,33,0.4464,1.108985e-05,cuda,1747259026.214,2.222,0.7381,0.7408,0.7381,1,52,1.1066,0.6325,0.110
MultiStage_CPUScreen_GPUFull,ac49086f,22,0,-1918677823736456687,6.898493e-03,2,80,0.0000,5.743226e-07,cuda,1747259028.437,2.611,0.7679,0.7828,0.7679,3,121,1.1166,0.6680,0.083
MultiStage_CPUScreen_GPUFull,ac49086f,22,0,-6238944770304578574,9.371905e-03,2,80,0.0000,5.743226e-07,cuda,1747259029.592,2.534,0.7666,0.7624,0.7666,3,115,1.1164,0.6415,0.246
MultiStage_CPUScreen_GPUFull,ac49086f,22,0,2920874320637577940,6.898493e-03,2,88,0.0000,5.743226e-07,cuda,1747259032.127,2.593,0.7658,0.7724,0.7658,3,161,1.1100,0.6920,0.472
MultiStage_CPUScreen_GPUFull,ac49086f,22,0,5355543357693010431,6.898493e-03,2,80,0.0000,7.981371e-07,cuda,1747259034.720,2.866,0.7632,0.7724,0.7632,4,145,1.1036,0.6610,0.155
MultiStage_CPUScreen_GPUFull,ac49086f,22,1,4364680367742024718,5.817866e-03,2,120,0.0092,6.056448e-05,cuda,1747259037.586,2.516,0.7770,0.7826,0.7770,2,176,1.1318,0.6550,0.089
MultiStage_CPUScreen_GPUFull,ac49086f,22,1,-1939200659499618558,5.817866e-03,2,120,0.0001,3.788102e-05,cuda,1747259040.103,2.869,0.7722,0.7874,0.7722,3,165,1.1146,0.6575,0.193
MultiStage_CPUScreen_GPUFull,ac49086f,22,1,-8385280631067269834,6.724148e-03,2,90,0.0001,6.056448e-05,cuda,1747259042.973,2.900,0.7513,0.7606,0.7513,3,117,1.0804,0.6810,0.089
MultiStage_CPUScreen_GPUFull,ac49086f,22,1,-4813214372817493377,4.722279e-03,2,90,0.0001,6.056448e-05,cuda,1747259045.873,3.121,0.7615,0.7756,0.7615,4,108,1.0579,0.6535,0.085
MultiStage_CPUScreen_GPUFull,ac49086f,23,1,8221845569790755596,5.817866e-03,2,160,0.0092,6.056448e-05,cuda,1747259050.094,3.230,0.7708,0.7770,0.7708,3,244,1.2165,0.6895,0.122
MultiStage_CPUScreen_GPUFull,ac49086f,23,1,-4563779937569564928,9.314532e-03,1,84,0.3447,1.617312e-06,cuda,1747259053.325,2.769,0.7408,0.7516,0.7408,3,163,1.1761,0.6570,0.081
MultiStage_CPUScreen_GPUFull,ac49086f,23,1,7435795594064706677,5.817866e-03,1,120,0.0001,6.056448e-05,cuda,1747259056.094,2.818,0.7632,0.7708,0.7632,3,214,1.1639,0.6580,0.145
MultiStage_CPUScreen_GPUFull,ac49086f,23,1,6750893975967954275,5.817866e-03,3,120,0.0092,6.056448e-05,cuda,1747259058.913,3.125,0.7711,0.7672,0.7711,4,168,1.0914,0.6430,0.232
MultiStage_CPUScreen_GPUFull,ac49086f,23,2,-3524365136783927215,5.195000e-03,1,128,0.0917,6.721369e-07,cuda,1747259060.542,2.402,0.7673,0.7858,0.7673,2,159,1.1595,0.6655,0.144
MultiStage_CPUScreen_GPUFull,ac49086f,23,2,-3896432440828395765,7.080113e-03,1,128,0.0670,6.721369e-07,cuda,1747259062.944,2.495,0.7606,0.7648,0.7606,2,177,1.1388,0.6720,0.122
MultiStage_CPUScreen_GPUFull,ac49086f,23,2,4707831766123051988,5.330936e-03,1,104,0.0670,6.681460e-07,cuda,1747259065.440,2.850,0.7627,0.7774,0.7627,3,128,1.1071,0.6440,0.335
MultiStage_CPUScreen_GPUFull,ac49086f,23,2,3564555556564696603,4.729753e-03,1,128,0.0670,6.721369e-07,cuda,1747259068.291,2.869,0.7749,0.7814,0.7749,3,173,0.9806,0.6690,0.348
MultiStage_CPUScreen_GPUFull,ac49086f,23,0,-6531258482015496119,1.005728e-02,3,80,0.0000,5.033674e-07,cuda,1747259071.160,3.043,0.7506,0.7602,0.7506,5,155,1.1450,0.6615,0.249
MultiStage_CPUScreen_GPUFull,ac49086f,23,0,1907723859795143034,6.320813e-03,2,85,0.1347,1.000633e-06,cuda,1747259074.204,3.049,0.7573,0.7672,0.7573,4,123,1.1348,0.6720,0.143
MultiStage_CPUScreen_GPUFull,ac49086f,23,0,5334434966131238790,6.898493e-03,2,80,0.1697,5.743226e-07,cuda,1747259077.253,2.955,0.7550,0.7658,0.7550,3,140,1.1334,0.6850,0.298
MultiStage_CPUScreen_GPUFull,ac49086f,23,0,-8152708379064566685,7.887132e-03,2,80,0.0000,5.033674e-07,cuda,1747259080.209,2.600,0.7712,0.7812,0.7712,3,99,1.1214,0.6620,0.332
MultiStage_CPUScreen_GPUFull,ac49086f,24,0,2795236442223371165,6.898493e-03,2,104,0.0000,5.743226e-07,cuda,1747259084.409,2.756,0.7654,0.7716,0.7654,3,141,1.1625,0.6960,0.195
MultiStage_CPUScreen_GPUFull,ac49086f,24,0,8674210164385466208,8.607964e-03,2,80,0.0000,5.743226e-07,cuda,1747259087.166,2.803,0.7609,0.7732,0.7609,4,106,1.1325,0.6765,0.137
MultiStage_CPUScreen_GPUFull,ac49086f,24,0,-1918677823736456687,6.898493e-03,2,80,0.0000,5.743226e-07,cuda,1747259089.969,2.790,0.7671,0.7796,0.7671,4,153,1.1085,0.6745,0.204
MultiStage_CPUScreen_GPUFull,ac49086f,24,0,-526208516024403123,6.898493e-03,2,80,0.1959,5.743226e-07,cuda,1747259091.293,3.073,0.7490,0.7616,0.7490,4,99,1.0713,0.6720,0.089
MultiStage_CPUScreen_GPUFull,ac49086f,24,2,7251555233354924505,5.330936e-03,1,224,0.0000,6.721369e-07,cuda,1747259094.366,2.186,0.7585,0.7610,0.7585,1,324,1.1763,0.6715,0.327
MultiStage_CPUScreen_GPUFull,ac49086f,24,2,3951043676803172557,4.729753e-03,1,152,0.0670,6.721369e-07,cuda,1747259096.552,2.257,0.7509,0.7564,0.7509,1,245,1.1383,0.6415,0.156
MultiStage_CPUScreen_GPUFull,ac49086f,24,2,-5685978968562790184,4.743662e-03,1,128,0.0670,6.721369e-07,cuda,1747259098.810,2.994,0.7694,0.7736,0.7694,3,246,1.1246,0.6530,0.185
MultiStage_CPUScreen_GPUFull,ac49086f,24,2,3837791855237527007,5.195000e-03,1,128,0.0670,6.364343e-07,cuda,1747259101.804,2.490,0.7510,0.7602,0.7510,2,202,1.0982,0.6380,0.189
MultiStage_CPUScreen_GPUFull,ac49086f,24,1,7435795594064706677,5.817866e-03,1,120,0.0001,6.056448e-05,cuda,1747259104.294,2.196,0.7599,0.7696,0.7599,1,179,1.1686,0.6470,0.176
MultiStage_CPUScreen_GPUFull,ac49086f,24,1,200312161354925830,5.263815e-03,2,96,0.0001,6.056448e-05,cuda,1747259106.490,3.154,0.7791,0.7742,0.7791,4,146,1.1148,0.6300,0.235
MultiStage_CPUScreen_GPUFull,ac49086f,24,1,5718008908048315715,5.817866e-03,2,120,0.0000,6.056448e-05,cuda,1747259109.644,2.297,0.7717,0.7760,0.7717,2,234,1.0984,0.6820,0.329
MultiStage_CPUScreen_GPUFull,ac49086f,24,1,7275985456918305194,5.817866e-03,2,120,0.0001,3.925171e-05,cuda,1747259111.942,2.494,0.7643,0.7684,0.7643,2,154,1.0888,0.6570,0.208
MultiStage_CPUScreen_GPUFull,ac49086f,25,2,73566216147913450,5.330936e-03,2,176,0.0000,6.721369e-07,cuda,1747259115.957,2.529,0.7583,0.7660,0.7583,2,244,1.2039,0.6915,0.155
MultiStage_CPUScreen_GPUFull,ac49086f,25,2,8533999803357892521,4.463379e-03,1,128,0.0670,6.721369e-07,cuda,1747259118.486,2.168,0.7592,0.7660,0.7592,1,226,1.1495,0.6260,0.092
MultiStage_CPUScreen_GPUFull,ac49086f,25,2,-2558053248036324878,4.729753e-03,1,128,0.0670,7.708108e-07,cuda,1747259120.655,2.276,0.7488,0.7466,0.7488,1,156,1.1097,0.6285,0.183
MultiStage_CPUScreen_GPUFull,ac49086f,25,2,-8375445309968959347,3.502989e-03,1,176,0.0000,6.721369e-07,cuda,1747259121.466,2.708,0.7781,0.7818,0.7781,2,335,1.0591,0.6400,0.187
MultiStage_CPUScreen_GPUFull,ac49086f,25,1,-3636000524147863203,5.817866e-03,2,136,0.0001,6.056448e-05,cuda,1747259124.175,2.518,0.7671,0.7718,0.7671,2,256,1.0796,0.6275,0.206
MultiStage_CPUScreen_GPUFull,ac49086f,25,1,1420155478266895219,5.263815e-03,2,96,0.0191,6.056448e-05,cuda,1747259126.693,3.078,0.7639,0.7698,0.7639,4,188,1.0570,0.6250,0.092
MultiStage_CPUScreen_GPUFull,ac49086f,25,1,-5249194120611012835,6.801070e-03,1,61,0.3570,4.565201e-06,cuda,1747259129.771,2.378,0.7393,0.7506,0.7393,2,91,1.0547,0.6275,0.150
MultiStage_CPUScreen_GPUFull,ac49086f,25,1,1309046438689478845,5.817866e-03,2,120,0.0001,8.116646e-05,cuda,1747259132.150,2.835,0.7736,0.7708,0.7736,3,170,1.0392,0.6450,0.300
MultiStage_CPUScreen_GPUFull,ac49086f,25,0,-1918677823736456687,6.898493e-03,2,80,0.0000,5.743226e-07,cuda,1747259134.985,2.677,0.7756,0.7792,0.7756,3,114,1.1653,0.6535,0.175
MultiStage_CPUScreen_GPUFull,ac49086f,25,0,-5167094503178122763,8.441792e-03,3,80,0.0000,4.565253e-07,cuda,1747259137.662,2.564,0.7713,0.7794,0.7713,3,119,1.1060,0.6925,0.098
MultiStage_CPUScreen_GPUFull,ac49086f,25,0,1246358709922860265,1.049168e-02,3,80,0.0000,4.565253e-07,cuda,1747259140.227,2.816,0.7557,0.7656,0.7557,4,126,1.0944,0.6970,0.308
MultiStage_CPUScreen_GPUFull,ac49086f,25,0,7885310309995395813,1.052962e-02,3,80,0.0000,4.565253e-07,cuda,1747259143.044,2.844,0.7576,0.7652,0.7576,4,140,1.0936,0.6695,0.244
MultiStage_CPUScreen_GPUFull,ac49086f,26,1,-7871414016901970573,5.263815e-03,1,96,0.0001,6.056448e-05,cuda,1747259147.244,2.663,0.7685,0.7804,0.7685,2,150,1.1636,0.6425,0.167
MultiStage_CPUScreen_GPUFull,ac49086f,26,1,-4936968219205215346,5.817866e-03,2,120,0.0001,7.499632e-05,cuda,1747259149.907,2.805,0.7654,0.7658,0.7654,3,172,1.1605,0.6630,0.187
MultiStage_CPUScreen_GPUFull,ac49086f,26,1,-3759781048836054275,5.817866e-03,2,120,0.0092,7.558280e-05,cuda,1747259152.712,2.828,0.7694,0.7690,0.7694,3,178,1.1474,0.6515,0.129
MultiStage_CPUScreen_GPUFull,ac49086f,26,1,8533317419604259124,5.817866e-03,2,160,0.0001,6.056448e-05,cuda,1747259154.028,3.266,0.7730,0.7740,0.7730,4,261,1.1046,0.6860,0.294
MultiStage_CPUScreen_GPUFull,ac49086f,26,0,2795236442223371165,6.898493e-03,2,104,0.0000,5.743226e-07,cuda,1747259157.295,2.139,0.7626,0.7694,0.7626,2,145,1.1754,0.6875,0.189
MultiStage_CPUScreen_GPUFull,ac49086f,26,0,7544714445008768789,7.887132e-03,3,80,0.0000,5.988329e-07,cuda,1747259159.434,2.512,0.7681,0.7748,0.7681,3,104,1.1060,0.6745,0.316
MultiStage_CPUScreen_GPUFull,ac49086f,26,0,2442925378812877347,7.887132e-03,3,80,0.0000,4.565253e-07,cuda,1747259161.947,2.817,0.7630,0.7736,0.7630,4,113,1.0535,0.6220,0.214
MultiStage_CPUScreen_GPUFull,ac49086f,26,0,9204576694054892625,6.898493e-03,3,80,0.0000,5.743226e-07,cuda,1747259164.764,2.976,0.7738,0.7726,0.7738,5,135,1.0397,0.6870,0.296
MultiStage_CPUScreen_GPUFull,ac49086f,26,2,-5341005081335463662,5.330936e-03,1,176,0.0000,8.420953e-07,cuda,1747259167.740,2.507,0.7673,0.7718,0.7673,3,323,1.1767,0.6780,0.346
MultiStage_CPUScreen_GPUFull,ac49086f,26,2,5403013405975694624,4.729753e-03,1,128,0.0670,7.380973e-07,cuda,1747259170.248,2.705,0.7723,0.7856,0.7723,3,192,1.1506,0.6460,0.218
MultiStage_CPUScreen_GPUFull,ac49086f,26,2,7145752300529534705,3.502989e-03,1,176,0.1056,6.721369e-07,cuda,1747259172.953,2.909,0.7568,0.7696,0.7568,3,265,1.1274,0.6465,0.212
MultiStage_CPUScreen_GPUFull,ac49086f,26,2,5796773126403380285,4.729753e-03,1,128,0.0670,6.499779e-07,cuda,1747259175.863,2.060,0.7605,0.7686,0.7605,1,186,1.0937,0.6540,0.239
MultiStage_CPUScreen_GPUFull,ac49086f,27,2,-6400881997863547341,5.541391e-03,1,176,0.0000,6.721369e-07,cuda,1747259179.340,2.372,0.7579,0.7606,0.7579,1,272,1.1934,0.6810,0.142
MultiStage_CPUScreen_GPUFull,ac49086f,27,2,-6510843884155308730,5.330936e-03,1,176,0.1901,6.721369e-07,cuda,1747259181.712,2.914,0.7603,0.7662,0.7603,3,281,1.1207,0.6865,0.186
MultiStage_CPUScreen_GPUFull,ac49086f,27,2,3870881811323837126,4.729753e-03,1,96,0.0670,6.721369e-07,cuda,1747259183.092,2.110,0.7602,0.7642,0.7602,1,117,1.1087,0.6350,0.178
MultiStage_CPUScreen_GPUFull,ac49086f,27,2,6692202015847053052,4.729753e-03,1,128,0.0670,4.087486e-07,cuda,1747259185.202,2.877,0.7648,0.7654,0.7648,3,189,1.0889,0.6450,0.309
MultiStage_CPUScreen_GPUFull,ac49086f,27,1,8363914438740615261,4.155603e-03,2,120,0.0001,6.056448e-05,cuda,1747259188.080,2.777,0.7766,0.7778,0.7766,3,147,1.0612,0.6405,0.332
MultiStage_CPUScreen_GPUFull,ac49086f,27,1,5145336685056904729,5.263815e-03,2,96,0.0001,5.562342e-05,cuda,1747259190.858,2.442,0.7727,0.7798,0.7727,2,175,1.0518,0.6325,0.234
MultiStage_CPUScreen_GPUFull,ac49086f,27,1,4997079705991132035,5.263815e-03,2,96,0.0001,3.699617e-05,cuda,1747259193.300,2.970,0.7595,0.7716,0.7595,3,163,1.0334,0.6790,0.235
MultiStage_CPUScreen_GPUFull,ac49086f,27,1,6418263339752069976,3.667801e-03,3,99,0.1593,1.610838e-06,cuda,1747259196.270,3.560,0.7516,0.7578,0.7516,4,125,0.8999,0.5045,0.218
MultiStage_CPUScreen_GPUFull,ac49086f,27,0,-7848496147611646306,6.898493e-03,2,80,0.1137,5.743226e-07,cuda,1747259199.831,2.752,0.7598,0.7604,0.7598,3,123,1.1097,0.6710,0.354
MultiStage_CPUScreen_GPUFull,ac49086f,27,0,2920874320637577940,6.898493e-03,2,88,0.0000,5.743226e-07,cuda,1747259202.583,2.528,0.7648,0.7708,0.7648,3,115,1.1072,0.6720,0.509
MultiStage_CPUScreen_GPUFull,ac49086f,27,0,-3894373759628682145,7.887132e-03,3,72,0.0000,4.565253e-07,cuda,1747259205.112,2.873,0.7650,0.7632,0.7650,4,119,1.0768,0.6545,0.220
MultiStage_CPUScreen_GPUFull,ac49086f,27,0,-3036149022952265650,6.999354e-03,3,80,0.0000,5.033674e-07,cuda,1747259207.986,2.865,0.7664,0.7760,0.7664,4,148,1.0599,0.6430,0.119
MultiStage_CPUScreen_GPUFull,ac49086f,28,0,-3046411216770134149,7.887132e-03,3,80,0.0000,3.127175e-07,cuda,1747259212.355,2.805,0.7794,0.7830,0.7794,3,114,1.1020,0.6415,0.084
MultiStage_CPUScreen_GPUFull,ac49086f,28,0,6328777769265249360,7.887132e-03,3,80,0.0310,5.033674e-07,cuda,1747259213.726,3.340,0.7326,0.7348,0.7326,5,116,1.0948,0.6490,0.090
MultiStage_CPUScreen_GPUFull,ac49086f,28,0,700504200969847679,7.887132e-03,3,48,0.0000,4.565253e-07,cuda,1747259217.067,2.741,0.7569,0.7568,0.7569,4,78,1.0889,0.6630,0.300
MultiStage_CPUScreen_GPUFull,ac49086f,28,0,8535566951833303456,7.887132e-03,3,80,0.0000,5.033674e-07,cuda,1747259219.808,2.876,0.7570,0.7654,0.7570,4,107,1.0274,0.6700,0.430
MultiStage_CPUScreen_GPUFull,ac49086f,28,1,3459515903714553029,7.203190e-03,1,116,0.3271,1.914575e-05,cuda,1747259222.685,2.806,0.7429,0.7422,0.7429,3,140,1.2301,0.6625,0.266
MultiStage_CPUScreen_GPUFull,ac49086f,28,1,5718008908048315715,5.817866e-03,2,120,0.0000,6.056448e-05,cuda,1747259225.492,2.941,0.7663,0.7694,0.7663,4,200,1.1869,0.6800,0.081
MultiStage_CPUScreen_GPUFull,ac49086f,28,1,3565718489076067976,5.817866e-03,2,120,0.0092,4.888421e-05,cuda,1747259228.433,2.909,0.7690,0.7754,0.7690,3,229,1.1528,0.6550,0.120
MultiStage_CPUScreen_GPUFull,ac49086f,28,1,-8812673562312602881,7.586639e-03,2,120,0.0092,6.056448e-05,cuda,1747259231.343,2.881,0.7633,0.7812,0.7633,3,200,1.1472,0.6550,0.100
MultiStage_CPUScreen_GPUFull,ac49086f,28,2,-3694402306426864464,5.330936e-03,1,176,0.0000,6.721369e-07,cuda,1747259234.224,2.136,0.7569,0.7624,0.7569,1,296,1.1658,0.6750,0.081
MultiStage_CPUScreen_GPUFull,ac49086f,28,2,3564555556564696603,4.729753e-03,1,128,0.0670,6.721369e-07,cuda,1747259236.360,2.443,0.7778,0.7766,0.7778,2,246,1.1356,0.6510,0.702
MultiStage_CPUScreen_GPUFull,ac49086f,28,2,7352719494170018846,3.502989e-03,2,176,0.0000,6.721369e-07,cuda,1747259238.803,2.678,0.7739,0.7772,0.7739,3,236,1.1208,0.6880,0.128
MultiStage_CPUScreen_GPUFull,ac49086f,28,2,9129937139458332680,5.330936e-03,1,176,0.0000,7.851366e-07,cuda,1747259241.482,2.297,0.7418,0.7418,0.7418,2,246,1.1204,0.6645,0.246
