hpo_approach_id,run_id,macro_iteration,cpu_worker_id,config_batch_idx,lr,num_layers,hidden_size,dropout,l2,screen_time_abs,screen_duration_s,screen_accuracy_1epoch,screen_final_loss_1epoch,screen_loss_decrease,promoted_to_gpu
MultiStage_CPUScreen_GPUFull,2ce8a1ae,1,2,0,6.549958e-03,1,80,0.2245,6.721369e-07,1747258332.320,1.223,0.6270,0.8537,1.1531,True
MultiStage_CPUScreen_GPUFull,2ce8a1ae,1,2,2,4.596668e-03,2,127,0.3931,3.266901e-05,1747258333.699,0.209,0.6220,0.9089,1.0289,True
MultiStage_CPUScreen_GPUFull,2ce8a1ae,1,2,7,6.549958e-03,1,80,0.2245,6.221438e-07,1747258334.541,0.193,0.6460,0.8677,0.9919,True
MultiStage_CPUScreen_GPUFull,2ce8a1ae,1,2,4,1.014433e-03,2,66,0.1119,3.668658e-06,1747258334.106,0.115,0.4765,1.5239,0.3420,True
MultiStage_CPUScreen_GPUFull,2ce8a1ae,1,2,6,8.676271e-04,2,66,0.1119,3.784786e-06,1747258334.367,0.174,0.5485,1.6508,0.3338,False
MultiStage_CPUScreen_GPUFull,2ce8a1ae,1,2,5,8.676271e-04,1,66,0.1119,3.668658e-06,1747258334.222,0.145,0.4870,1.7210,0.2893,False
MultiStage_CPUScreen_GPUFull,2ce8a1ae,1,2,3,8.676271e-04,2,40,0.1119,3.668658e-06,1747258333.908,0.198,0.4475,1.8048,0.1587,False
MultiStage_CPUScreen_GPUFull,2ce8a1ae,1,2,1,2.344848e-04,1,33,0.4581,2.554829e-07,1747258333.543,0.155,0.3055,1.8990,0.0463,False
MultiStage_CPUScreen_GPUFull,ae85eb4c,1,1,2,1.306598e-03,1,32,0.1294,5.127468e-07,1747258333.824,0.162,0.3735,1.7709,0.2509,True
MultiStage_CPUScreen_GPUFull,ae85eb4c,1,1,6,1.306598e-03,1,32,0.1294,5.127468e-07,1747258334.647,0.113,0.4150,1.7610,0.2313,True
MultiStage_CPUScreen_GPUFull,ae85eb4c,1,1,7,1.306598e-03,1,24,0.1294,5.127468e-07,1747258334.760,0.098,0.4170,1.7359,0.2269,True
MultiStage_CPUScreen_GPUFull,ae85eb4c,1,1,3,4.736631e-04,2,39,0.0826,5.001414e-06,1747258333.986,0.252,0.3715,1.8588,0.0907,True
MultiStage_CPUScreen_GPUFull,ae85eb4c,1,1,1,1.779741e-04,3,104,0.2693,1.798459e-07,1747258333.656,0.167,0.4875,1.8477,0.0703,False
MultiStage_CPUScreen_GPUFull,ae85eb4c,1,1,5,5.211847e-05,1,30,0.1717,6.182916e-07,1747258334.434,0.213,0.3165,1.8601,0.0090,False
MultiStage_CPUScreen_GPUFull,ae85eb4c,1,1,0,5.251949e-05,3,43,0.3914,2.024290e-05,1747258332.308,1.349,0.0595,1.9344,0.0075,False
MultiStage_CPUScreen_GPUFull,ae85eb4c,1,1,4,4.070302e-05,1,24,0.1717,6.182916e-07,1747258334.238,0.196,0.0575,1.9765,0.0072,False
MultiStage_CPUScreen_GPUFull,ca9de40a,1,0,4,7.887132e-03,3,62,0.1692,4.565253e-07,1747258334.100,0.206,0.6415,0.9296,1.0289,True
MultiStage_CPUScreen_GPUFull,ca9de40a,1,0,6,2.302598e-04,1,28,0.4466,1.315700e-06,1747258334.543,0.209,0.1250,1.9619,0.0414,True
MultiStage_CPUScreen_GPUFull,ca9de40a,1,0,2,2.302598e-04,1,28,0.4466,1.315700e-06,1747258333.671,0.218,0.3610,1.8424,0.0405,True
MultiStage_CPUScreen_GPUFull,ca9de40a,1,0,1,3.172987e-04,2,28,0.4466,1.315700e-06,1747258333.457,0.214,0.1340,1.9035,0.0360,True
MultiStage_CPUScreen_GPUFull,ca9de40a,1,0,0,2.302598e-04,2,28,0.3883,1.315700e-06,1747258332.255,1.202,0.0410,1.9289,0.0353,False
MultiStage_CPUScreen_GPUFull,ca9de40a,1,0,5,2.302598e-04,2,28,0.5435,1.315700e-06,1747258334.306,0.237,0.0915,1.9440,0.0250,False
MultiStage_CPUScreen_GPUFull,ca9de40a,1,0,3,1.012043e-04,2,49,0.3071,2.136719e-07,1747258333.889,0.211,0.3665,1.9338,0.0245,False
MultiStage_CPUScreen_GPUFull,ca9de40a,1,0,7,1.854785e-04,2,28,0.4466,1.315700e-06,1747258334.751,0.136,0.4265,1.8263,0.0210,False
MultiStage_CPUScreen_GPUFull,ca9de40a,2,0,4,7.887132e-03,3,62,0.1712,4.565253e-07,1747258365.251,0.093,0.6540,0.9592,1.1022,True
MultiStage_CPUScreen_GPUFull,ca9de40a,2,0,6,7.887132e-03,3,80,0.1692,4.565253e-07,1747258365.527,0.297,0.6570,0.9089,1.0509,True
MultiStage_CPUScreen_GPUFull,ca9de40a,2,0,1,7.887132e-03,3,62,0.1692,6.069531e-07,1747258364.720,0.170,0.6245,0.9627,0.9551,True
MultiStage_CPUScreen_GPUFull,ca9de40a,2,0,0,7.201048e-04,3,32,0.1062,8.878651e-05,1747258364.558,0.161,0.0805,1.8967,0.1117,True
MultiStage_CPUScreen_GPUFull,ca9de40a,2,0,7,3.156394e-04,3,54,0.2110,8.036256e-05,1747258365.824,0.193,0.4805,1.9185,0.0514,False
MultiStage_CPUScreen_GPUFull,ca9de40a,2,0,5,2.302598e-04,1,28,0.3614,1.315700e-06,1747258365.343,0.184,0.1755,1.9355,0.0438,False
MultiStage_CPUScreen_GPUFull,ca9de40a,2,0,2,2.302598e-04,1,24,0.4466,1.315700e-06,1747258364.890,0.187,0.1570,1.8982,0.0362,False
MultiStage_CPUScreen_GPUFull,ca9de40a,2,0,3,2.302598e-04,1,28,0.3921,1.315700e-06,1747258365.076,0.175,0.3880,1.8439,0.0359,False
MultiStage_CPUScreen_GPUFull,2ce8a1ae,2,2,7,6.549958e-03,1,80,0.3426,6.721369e-07,1747258365.928,0.212,0.6265,0.9026,1.1766,True
MultiStage_CPUScreen_GPUFull,2ce8a1ae,2,2,5,6.549958e-03,1,80,0.2245,5.719039e-07,1747258365.507,0.142,0.6375,0.8701,1.1300,True
MultiStage_CPUScreen_GPUFull,2ce8a1ae,2,2,3,6.549958e-03,1,56,0.2245,6.221438e-07,1747258365.143,0.106,0.6330,0.9490,1.1107,True
MultiStage_CPUScreen_GPUFull,2ce8a1ae,2,2,1,6.549958e-03,1,80,0.2245,6.721369e-07,1747258364.772,0.173,0.6245,0.8683,1.0943,True
MultiStage_CPUScreen_GPUFull,2ce8a1ae,2,2,6,7.517132e-03,1,80,0.2245,6.221438e-07,1747258365.650,0.278,0.6545,0.8408,1.0718,False
MultiStage_CPUScreen_GPUFull,2ce8a1ae,2,2,2,1.014433e-03,2,66,0.1119,4.399796e-06,1747258364.945,0.198,0.5040,1.6122,0.3774,False
MultiStage_CPUScreen_GPUFull,2ce8a1ae,2,2,0,1.058202e-03,2,66,0.1119,3.668658e-06,1747258364.558,0.214,0.5480,1.5848,0.3711,False
MultiStage_CPUScreen_GPUFull,2ce8a1ae,2,2,4,2.794659e-04,3,22,0.1971,6.694843e-07,1747258365.249,0.258,0.0465,1.9816,0.0219,False
MultiStage_CPUScreen_GPUFull,ae85eb4c,2,1,1,1.306598e-03,1,32,0.1294,5.127468e-07,1747258364.792,0.202,0.4670,1.7997,0.2676,True
MultiStage_CPUScreen_GPUFull,ae85eb4c,2,1,4,1.306598e-03,1,32,0.1294,5.127468e-07,1747258365.457,0.252,0.5020,1.7165,0.2649,True
MultiStage_CPUScreen_GPUFull,ae85eb4c,2,1,2,1.306598e-03,1,24,0.1294,3.191722e-07,1747258364.994,0.261,0.3085,1.7879,0.2298,True
MultiStage_CPUScreen_GPUFull,ae85eb4c,2,1,6,1.306598e-03,1,24,0.1294,5.626197e-07,1747258365.836,0.164,0.3000,1.8913,0.2193,True
MultiStage_CPUScreen_GPUFull,ae85eb4c,2,1,3,1.306598e-03,1,24,0.0374,5.127468e-07,1747258365.255,0.203,0.3275,1.8204,0.2077,False
MultiStage_CPUScreen_GPUFull,ae85eb4c,2,1,5,5.610653e-04,2,39,0.0826,5.001414e-06,1747258365.709,0.127,0.4905,1.8061,0.1004,False
MultiStage_CPUScreen_GPUFull,ae85eb4c,2,1,0,4.736631e-04,2,39,0.0826,4.271686e-06,1747258364.558,0.234,0.4755,1.8674,0.0982,False
MultiStage_CPUScreen_GPUFull,ae85eb4c,2,1,7,1.107316e-04,3,33,0.0295,8.734932e-05,1747258366.000,0.153,0.0305,1.9488,0.0116,False
MultiStage_CPUScreen_GPUFull,ca9de40a,3,0,3,7.887132e-03,3,80,0.1692,4.565253e-07,1747258398.210,0.277,0.6460,0.8931,1.1094,True
MultiStage_CPUScreen_GPUFull,ca9de40a,3,0,2,7.887132e-03,3,80,0.1204,4.565253e-07,1747258398.077,0.133,0.6760,0.8437,1.1054,True
MultiStage_CPUScreen_GPUFull,ca9de40a,3,0,6,7.887132e-03,3,48,0.1692,4.565253e-07,1747258398.879,0.162,0.6250,0.9754,0.9918,True
MultiStage_CPUScreen_GPUFull,ca9de40a,3,0,7,7.887132e-03,3,62,0.1712,3.090615e-07,1747258399.041,0.096,0.6125,1.0159,0.9803,True
MultiStage_CPUScreen_GPUFull,ca9de40a,3,0,5,7.887132e-03,3,48,0.1712,4.565253e-07,1747258398.710,0.169,0.4935,1.0331,0.9610,False
MultiStage_CPUScreen_GPUFull,ca9de40a,3,0,0,7.887132e-03,3,62,0.1692,7.233947e-07,1747258397.616,0.264,0.6255,0.9841,0.9309,False
MultiStage_CPUScreen_GPUFull,ca9de40a,3,0,1,2.232174e-03,1,18,0.0952,2.464688e-06,1747258397.881,0.196,0.4655,1.6099,0.3238,False
MultiStage_CPUScreen_GPUFull,ca9de40a,3,0,4,3.707778e-04,3,27,0.1522,1.119912e-05,1747258398.487,0.223,0.4925,1.8259,0.0383,False
MultiStage_CPUScreen_GPUFull,ae85eb4c,3,1,0,1.301194e-03,1,107,0.4289,4.327959e-05,1747258397.616,0.183,0.5460,1.4428,0.5227,True
MultiStage_CPUScreen_GPUFull,ae85eb4c,3,1,1,1.306598e-03,1,40,0.1294,5.127468e-07,1747258397.799,0.197,0.4220,1.6908,0.3107,True
MultiStage_CPUScreen_GPUFull,ae85eb4c,3,1,5,1.306598e-03,1,32,0.1168,5.127468e-07,1747258398.576,0.129,0.4825,1.7193,0.2665,True
MultiStage_CPUScreen_GPUFull,ae85eb4c,3,1,7,1.306598e-03,1,32,0.1294,5.127468e-07,1747258398.925,0.241,0.4645,1.7244,0.2427,True
MultiStage_CPUScreen_GPUFull,ae85eb4c,3,1,3,1.306598e-03,1,32,0.1082,5.127468e-07,1747258398.242,0.135,0.4305,1.7167,0.2380,False
MultiStage_CPUScreen_GPUFull,ae85eb4c,3,1,4,1.306598e-03,1,24,0.0000,5.127468e-07,1747258398.377,0.199,0.4620,1.7589,0.2180,False
MultiStage_CPUScreen_GPUFull,ae85eb4c,3,1,6,1.306598e-03,1,24,0.1294,6.827533e-07,1747258398.705,0.220,0.3915,1.7317,0.2085,False
MultiStage_CPUScreen_GPUFull,ae85eb4c,3,1,2,5.716314e-04,1,16,0.2381,4.274733e-07,1747258397.996,0.246,0.3380,1.8092,0.0757,False
MultiStage_CPUScreen_GPUFull,2ce8a1ae,3,2,4,6.549958e-03,1,80,0.2110,6.721369e-07,1747258398.405,0.166,0.6465,0.8809,1.2036,True
MultiStage_CPUScreen_GPUFull,2ce8a1ae,3,2,0,8.864319e-03,1,80,0.2245,5.719039e-07,1747258397.616,0.193,0.6645,0.8331,1.1874,True
MultiStage_CPUScreen_GPUFull,2ce8a1ae,3,2,2,6.549958e-03,1,88,0.2245,5.719039e-07,1747258397.967,0.163,0.6595,0.8721,1.1322,True
MultiStage_CPUScreen_GPUFull,2ce8a1ae,3,2,7,7.506693e-03,1,38,0.2771,4.539860e-06,1747258399.201,0.081,0.6135,0.9340,1.1033,True
MultiStage_CPUScreen_GPUFull,2ce8a1ae,3,2,5,6.549958e-03,2,80,0.2245,6.721369e-07,1747258398.571,0.401,0.6580,0.8581,1.0809,False
MultiStage_CPUScreen_GPUFull,2ce8a1ae,3,2,6,2.442368e-04,3,43,0.1902,5.169907e-05,1747258398.972,0.229,0.3685,1.9135,0.0425,False
MultiStage_CPUScreen_GPUFull,2ce8a1ae,3,2,3,7.675713e-05,2,87,0.4128,9.656205e-05,1747258398.130,0.275,0.0850,1.9477,0.0304,False
MultiStage_CPUScreen_GPUFull,2ce8a1ae,3,2,1,9.218389e-05,1,43,0.3806,1.194939e-06,1747258397.809,0.158,0.2655,1.8997,0.0220,False
MultiStage_CPUScreen_GPUFull,ae85eb4c,4,1,3,1.301194e-03,1,120,0.4289,4.327959e-05,1747258430.218,0.156,0.5700,1.4628,0.5726,True
MultiStage_CPUScreen_GPUFull,ae85eb4c,4,1,4,1.301194e-03,1,107,0.4289,5.180971e-05,1747258430.374,0.167,0.5700,1.4204,0.4917,True
MultiStage_CPUScreen_GPUFull,ae85eb4c,4,1,1,1.285890e-03,1,107,0.4289,4.327959e-05,1747258429.871,0.180,0.5800,1.3643,0.4641,True
MultiStage_CPUScreen_GPUFull,ae85eb4c,4,1,7,1.301194e-03,1,107,0.4289,5.052832e-05,1747258430.903,0.233,0.5625,1.3942,0.4579,True
MultiStage_CPUScreen_GPUFull,ae85eb4c,4,1,0,5.711410e-04,2,120,0.0472,6.771697e-06,1747258429.657,0.214,0.4980,1.6121,0.3514,False
MultiStage_CPUScreen_GPUFull,ae85eb4c,4,1,6,1.306598e-03,1,24,0.0000,5.127468e-07,1747258430.719,0.184,0.3160,1.8334,0.2001,False
MultiStage_CPUScreen_GPUFull,ae85eb4c,4,1,2,5.715360e-04,2,25,0.0524,2.022531e-06,1747258430.051,0.167,0.2110,1.9156,0.0614,False
MultiStage_CPUScreen_GPUFull,ae85eb4c,4,1,5,7.343352e-05,2,46,0.1207,5.156588e-05,1747258430.541,0.178,0.2400,1.8815,0.0169,False
MultiStage_CPUScreen_GPUFull,2ce8a1ae,4,2,3,9.048500e-03,1,80,0.2110,6.721369e-07,1747258430.189,0.274,0.6810,0.8067,1.1861,True
MultiStage_CPUScreen_GPUFull,2ce8a1ae,4,2,1,6.549958e-03,1,56,0.2110,6.721369e-07,1747258429.907,0.110,0.6265,0.9242,1.1356,True
MultiStage_CPUScreen_GPUFull,2ce8a1ae,4,2,7,6.549958e-03,2,80,0.2245,6.721369e-07,1747258430.996,0.172,0.6465,0.8776,1.0597,True
MultiStage_CPUScreen_GPUFull,2ce8a1ae,4,2,2,6.549958e-03,1,80,0.2110,4.356995e-07,1747258430.018,0.171,0.6530,0.8670,1.0424,True
MultiStage_CPUScreen_GPUFull,2ce8a1ae,4,2,6,6.549958e-03,1,80,0.0944,6.721369e-07,1747258430.806,0.190,0.6275,0.8634,1.0205,False
MultiStage_CPUScreen_GPUFull,2ce8a1ae,4,2,4,1.182516e-03,3,109,0.4941,1.862466e-06,1747258430.463,0.133,0.5325,1.3806,0.5885,False
MultiStage_CPUScreen_GPUFull,2ce8a1ae,4,2,5,3.179228e-03,1,18,0.0443,9.167819e-06,1747258430.596,0.210,0.5325,1.7214,0.3650,False
MultiStage_CPUScreen_GPUFull,2ce8a1ae,4,2,0,9.047457e-04,2,19,0.3144,3.874162e-07,1747258429.657,0.251,0.3915,1.8995,0.0860,False
MultiStage_CPUScreen_GPUFull,ca9de40a,4,0,4,9.728278e-03,1,77,0.2734,2.461586e-06,1747258430.520,0.219,0.6980,0.8169,1.2315,True
MultiStage_CPUScreen_GPUFull,ca9de40a,4,0,7,1.085727e-02,3,62,0.1692,6.069531e-07,1747258431.198,0.114,0.5870,0.9367,1.0675,True
MultiStage_CPUScreen_GPUFull,ca9de40a,4,0,0,7.779019e-03,3,80,0.1204,4.565253e-07,1747258429.657,0.173,0.6300,0.9139,1.0584,True
MultiStage_CPUScreen_GPUFull,ca9de40a,4,0,6,7.887132e-03,3,56,0.1692,6.069531e-07,1747258430.938,0.259,0.6055,0.9994,1.0010,True
MultiStage_CPUScreen_GPUFull,ca9de40a,4,0,2,1.840560e-03,1,37,0.3684,1.717616e-05,1747258430.070,0.206,0.5390,1.5824,0.3637,False
MultiStage_CPUScreen_GPUFull,ca9de40a,4,0,5,1.108109e-03,3,20,0.1726,2.160746e-06,1747258430.738,0.200,0.3630,1.7661,0.1251,False
MultiStage_CPUScreen_GPUFull,ca9de40a,4,0,3,1.060260e-04,1,69,0.0471,9.141704e-07,1747258430.276,0.244,0.0195,2.0521,0.0424,False
MultiStage_CPUScreen_GPUFull,ca9de40a,4,0,1,1.017067e-04,2,70,0.2375,1.396457e-05,1747258429.829,0.241,0.3295,1.9008,0.0361,False
MultiStage_CPUScreen_GPUFull,2ce8a1ae,5,2,0,6.549958e-03,1,88,0.2110,6.721369e-07,1747258461.640,0.177,0.6410,0.8628,1.1904,True
MultiStage_CPUScreen_GPUFull,2ce8a1ae,5,2,7,6.549958e-03,1,80,0.2245,5.608943e-07,1747258462.782,0.144,0.6505,0.8652,1.1403,True
MultiStage_CPUScreen_GPUFull,2ce8a1ae,5,2,5,6.549958e-03,1,80,0.3395,4.356995e-07,1747258462.595,0.100,0.6255,0.9010,1.1227,True
MultiStage_CPUScreen_GPUFull,2ce8a1ae,5,2,6,6.549958e-03,1,80,0.2245,7.286286e-07,1747258462.695,0.088,0.6240,0.8797,1.1109,True
MultiStage_CPUScreen_GPUFull,2ce8a1ae,5,2,1,6.549958e-03,1,96,0.2110,6.721369e-07,1747258461.817,0.165,0.6740,0.8647,1.1027,False
MultiStage_CPUScreen_GPUFull,2ce8a1ae,5,2,2,6.549958e-03,1,88,0.2110,6.721369e-07,1747258461.982,0.211,0.6620,0.8274,1.1023,False
MultiStage_CPUScreen_GPUFull,2ce8a1ae,5,2,3,6.549958e-03,1,80,0.2245,6.721369e-07,1747258462.193,0.173,0.6520,0.8690,1.0586,False
MultiStage_CPUScreen_GPUFull,2ce8a1ae,5,2,4,1.340641e-04,2,124,0.1903,3.038976e-05,1747258462.366,0.229,0.4240,1.8804,0.0854,False
MultiStage_CPUScreen_GPUFull,ae85eb4c,5,1,4,5.648007e-03,2,77,0.1737,6.622267e-06,1747258462.500,0.375,0.6405,0.9287,0.9985,True
MultiStage_CPUScreen_GPUFull,ae85eb4c,5,1,5,1.301194e-03,2,107,0.4289,4.327959e-05,1747258462.874,0.165,0.4900,1.2729,0.6247,True
MultiStage_CPUScreen_GPUFull,ae85eb4c,5,1,0,1.301194e-03,1,112,0.4289,4.327959e-05,1747258461.640,0.234,0.5460,1.4639,0.5653,True
MultiStage_CPUScreen_GPUFull,ae85eb4c,5,1,1,1.126869e-03,1,107,0.4289,4.327959e-05,1747258461.874,0.227,0.5720,1.5405,0.4803,True
MultiStage_CPUScreen_GPUFull,ae85eb4c,5,1,7,1.700283e-03,3,41,0.2230,6.625161e-06,1747258463.124,0.095,0.5060,1.6535,0.3676,False
MultiStage_CPUScreen_GPUFull,ae85eb4c,5,1,3,9.350479e-04,1,32,0.1294,5.127468e-07,1747258462.236,0.264,0.3905,1.7860,0.1935,False
MultiStage_CPUScreen_GPUFull,ae85eb4c,5,1,2,2.560655e-04,3,62,0.4688,2.154075e-07,1747258462.100,0.135,0.3640,1.9067,0.0493,False
MultiStage_CPUScreen_GPUFull,ae85eb4c,5,1,6,5.626683e-05,1,22,0.2315,9.433046e-07,1747258463.040,0.084,0.0365,2.0405,0.0095,False
MultiStage_CPUScreen_GPUFull,ca9de40a,5,0,1,7.887132e-03,3,80,0.0426,4.565253e-07,1747258461.800,0.216,0.6305,0.8811,1.0711,True
MultiStage_CPUScreen_GPUFull,ca9de40a,5,0,6,9.802075e-03,3,62,0.1712,4.565253e-07,1747258463.042,0.255,0.6345,0.9090,1.0662,True
MultiStage_CPUScreen_GPUFull,ca9de40a,5,0,7,7.779019e-03,3,80,0.1204,3.232136e-07,1747258463.297,0.095,0.6425,0.8813,1.0370,True
MultiStage_CPUScreen_GPUFull,ca9de40a,5,0,3,7.779019e-03,3,80,0.1488,4.565253e-07,1747258462.254,0.189,0.6380,0.9186,1.0338,True
MultiStage_CPUScreen_GPUFull,ca9de40a,5,0,5,7.887132e-03,3,62,0.1712,4.565253e-07,1747258462.831,0.210,0.6800,0.9002,1.0203,False
MultiStage_CPUScreen_GPUFull,ca9de40a,5,0,4,7.887132e-03,3,80,0.0000,4.565253e-07,1747258462.443,0.389,0.6550,0.9177,1.0076,False
MultiStage_CPUScreen_GPUFull,ca9de40a,5,0,0,5.654297e-03,3,80,0.1204,4.565253e-07,1747258461.640,0.160,0.6440,0.9443,0.9825,False
MultiStage_CPUScreen_GPUFull,ca9de40a,5,0,2,9.342343e-05,3,23,0.0567,1.319357e-07,1747258462.016,0.238,0.0395,1.9849,0.0066,False
MultiStage_CPUScreen_GPUFull,2ce8a1ae,6,2,4,6.549958e-03,1,80,0.2110,9.042671e-07,1747258494.404,0.145,0.6480,0.8791,1.1308,True
MultiStage_CPUScreen_GPUFull,2ce8a1ae,6,2,1,8.949327e-03,1,80,0.2110,6.721369e-07,1747258493.974,0.158,0.6555,0.8197,1.1247,True
MultiStage_CPUScreen_GPUFull,2ce8a1ae,6,2,3,6.549958e-03,1,80,0.2245,7.286286e-07,1747258494.312,0.092,0.6560,0.8806,1.1165,True
MultiStage_CPUScreen_GPUFull,2ce8a1ae,6,2,5,4.996861e-03,1,127,0.3910,6.263342e-06,1747258494.549,0.155,0.6565,0.8847,1.1085,True
MultiStage_CPUScreen_GPUFull,2ce8a1ae,6,2,6,6.549958e-03,1,80,0.2388,6.721369e-07,1747258494.704,0.320,0.6280,0.8769,1.0993,False
MultiStage_CPUScreen_GPUFull,2ce8a1ae,6,2,2,6.549958e-03,1,96,0.2245,6.721369e-07,1747258494.133,0.179,0.6650,0.8432,1.0070,False
MultiStage_CPUScreen_GPUFull,2ce8a1ae,6,2,7,9.280391e-03,1,23,0.1452,4.457035e-05,1747258495.023,0.153,0.6210,0.9179,1.0059,False
MultiStage_CPUScreen_GPUFull,2ce8a1ae,6,2,0,4.402391e-03,1,80,0.2245,7.286286e-07,1747258493.808,0.166,0.6065,0.9514,0.9557,False
MultiStage_CPUScreen_GPUFull,ca9de40a,6,0,6,7.779019e-03,3,96,0.1204,4.565253e-07,1747258494.937,0.240,0.6680,0.8327,1.1568,True
MultiStage_CPUScreen_GPUFull,ca9de40a,6,0,3,7.779019e-03,3,80,0.1204,4.565253e-07,1747258494.494,0.247,0.6600,0.8584,1.0970,True
MultiStage_CPUScreen_GPUFull,ca9de40a,6,0,4,7.887132e-03,3,80,0.0000,4.565253e-07,1747258494.741,0.097,0.6710,0.8361,1.0643,True
MultiStage_CPUScreen_GPUFull,ca9de40a,6,0,7,1.086805e-02,3,80,0.1204,4.565253e-07,1747258495.177,0.099,0.6255,0.9183,1.0401,True
MultiStage_CPUScreen_GPUFull,ca9de40a,6,0,2,7.887132e-03,3,80,0.0000,4.565253e-07,1747258494.215,0.279,0.6765,0.8929,1.0398,False
MultiStage_CPUScreen_GPUFull,ca9de40a,6,0,1,5.697094e-04,1,63,0.1555,6.401213e-06,1747258494.042,0.173,0.4125,1.7680,0.1794,False
MultiStage_CPUScreen_GPUFull,ca9de40a,6,0,5,7.266023e-04,2,30,0.2861,1.303121e-07,1747258494.838,0.099,0.4050,1.9103,0.1008,False
MultiStage_CPUScreen_GPUFull,ca9de40a,6,0,0,5.186413e-05,2,103,0.2430,3.099370e-05,1747258493.809,0.234,0.2365,1.9134,0.0297,False
MultiStage_CPUScreen_GPUFull,ae85eb4c,6,1,5,5.817866e-03,2,90,0.0655,6.056448e-05,1747258495.197,0.157,0.6570,0.8618,1.1303,True
MultiStage_CPUScreen_GPUFull,ae85eb4c,6,1,4,1.301194e-03,1,107,0.4330,4.327959e-05,1747258494.915,0.282,0.5495,1.4697,0.5080,True
MultiStage_CPUScreen_GPUFull,ae85eb4c,6,1,6,1.301194e-03,1,107,0.4221,4.327959e-05,1747258495.354,0.102,0.5200,1.3860,0.4522,True
MultiStage_CPUScreen_GPUFull,ae85eb4c,6,1,0,9.892850e-04,1,112,0.4289,4.327959e-05,1747258493.808,0.149,0.5445,1.4934,0.4063,True
MultiStage_CPUScreen_GPUFull,ae85eb4c,6,1,7,8.742322e-04,1,107,0.4289,4.327959e-05,1747258495.455,0.080,0.5190,1.5671,0.3521,False
MultiStage_CPUScreen_GPUFull,ae85eb4c,6,1,3,1.301194e-03,1,64,0.4289,4.327959e-05,1747258494.596,0.319,0.5515,1.5384,0.3260,False
MultiStage_CPUScreen_GPUFull,ae85eb4c,6,1,2,7.331283e-04,2,16,0.4221,1.009563e-06,1747258494.286,0.310,0.2385,1.8483,0.0573,False
MultiStage_CPUScreen_GPUFull,ae85eb4c,6,1,1,5.353206e-05,2,81,0.4663,1.550256e-06,1747258493.957,0.329,0.1415,1.8993,0.0171,False
MultiStage_CPUScreen_GPUFull,ca9de40a,7,0,6,9.926436e-03,3,96,0.1204,4.565253e-07,1747258526.362,0.125,0.6775,0.8286,1.1416,True
MultiStage_CPUScreen_GPUFull,ca9de40a,7,0,3,7.887132e-03,3,104,0.0000,4.565253e-07,1747258525.866,0.223,0.6245,0.8607,1.1009,True
MultiStage_CPUScreen_GPUFull,ca9de40a,7,0,5,7.887132e-03,3,80,0.0000,4.565253e-07,1747258526.184,0.178,0.6520,0.8579,1.0996,True
MultiStage_CPUScreen_GPUFull,ca9de40a,7,0,0,7.887132e-03,3,80,0.0000,4.565253e-07,1747258525.269,0.149,0.6765,0.8690,1.0683,True
MultiStage_CPUScreen_GPUFull,ca9de40a,7,0,4,7.887132e-03,3,80,0.1204,4.565253e-07,1747258526.089,0.096,0.6685,0.8772,1.0280,False
MultiStage_CPUScreen_GPUFull,ca9de40a,7,0,7,7.887132e-03,3,56,0.0000,4.565253e-07,1747258526.487,0.225,0.6470,0.9062,0.9998,False
MultiStage_CPUScreen_GPUFull,ca9de40a,7,0,2,4.645169e-03,3,18,0.3887,8.077767e-07,1747258525.695,0.171,0.4955,1.5232,0.4752,False
MultiStage_CPUScreen_GPUFull,ca9de40a,7,0,1,2.008192e-03,3,26,0.1352,2.502528e-06,1747258525.418,0.277,0.5090,1.8721,0.1194,False
MultiStage_CPUScreen_GPUFull,2ce8a1ae,7,2,7,6.549958e-03,2,80,0.2245,7.286286e-07,1747258526.747,0.186,0.6360,0.8786,1.1113,True
MultiStage_CPUScreen_GPUFull,2ce8a1ae,7,2,6,6.549958e-03,1,80,0.2245,7.286286e-07,1747258526.586,0.161,0.6405,0.8830,1.0995,True
MultiStage_CPUScreen_GPUFull,2ce8a1ae,7,2,2,6.549958e-03,1,104,0.2245,7.286286e-07,1747258525.622,0.107,0.6620,0.8405,1.0819,True
MultiStage_CPUScreen_GPUFull,2ce8a1ae,7,2,4,6.549958e-03,1,80,0.1711,6.721369e-07,1747258525.898,0.332,0.6285,0.8716,1.0354,True
MultiStage_CPUScreen_GPUFull,2ce8a1ae,7,2,5,6.549958e-03,2,80,0.2245,7.286286e-07,1747258526.230,0.356,0.6415,0.8799,1.0334,False
MultiStage_CPUScreen_GPUFull,2ce8a1ae,7,2,1,3.996681e-03,1,80,0.2245,7.286286e-07,1747258525.539,0.083,0.6260,1.0267,1.0074,False
MultiStage_CPUScreen_GPUFull,2ce8a1ae,7,2,0,1.439463e-03,3,65,0.2693,3.248673e-06,1747258525.269,0.271,0.4730,1.4779,0.5491,False
MultiStage_CPUScreen_GPUFull,2ce8a1ae,7,2,3,4.581092e-03,2,16,0.2837,1.783053e-06,1747258525.729,0.169,0.5260,1.4442,0.5129,False
MultiStage_CPUScreen_GPUFull,ae85eb4c,7,1,3,5.817866e-03,2,90,0.0655,5.667699e-05,1747258526.040,0.215,0.6440,0.8686,1.0931,True
MultiStage_CPUScreen_GPUFull,ae85eb4c,7,1,7,5.648007e-03,2,77,0.1737,6.048840e-06,1747258526.893,0.130,0.6700,0.9164,1.0826,True
MultiStage_CPUScreen_GPUFull,ae85eb4c,7,1,2,5.817866e-03,2,90,0.0655,6.902304e-05,1747258525.833,0.207,0.6550,0.8693,1.0791,True
MultiStage_CPUScreen_GPUFull,ae85eb4c,7,1,6,4.950219e-03,2,74,0.4338,1.774474e-07,1747258526.725,0.168,0.5600,1.0292,0.9511,True
MultiStage_CPUScreen_GPUFull,ae85eb4c,7,1,1,6.592048e-03,2,23,0.0012,3.064855e-07,1747258525.503,0.330,0.5510,1.2465,0.7439,False
MultiStage_CPUScreen_GPUFull,ae85eb4c,7,1,5,1.575835e-03,2,59,0.4679,7.353954e-06,1747258526.520,0.205,0.5355,1.5272,0.4329,False
MultiStage_CPUScreen_GPUFull,ae85eb4c,7,1,0,8.865464e-04,2,38,0.0829,2.386140e-05,1747258525.269,0.235,0.4905,1.6978,0.1740,False
MultiStage_CPUScreen_GPUFull,ae85eb4c,7,1,4,1.207300e-04,3,17,0.2664,3.971564e-07,1747258526.254,0.265,0.0325,1.8892,0.0074,False
MultiStage_CPUScreen_GPUFull,ae85eb4c,8,1,3,4.848475e-03,2,90,0.0655,6.902304e-05,1747258558.288,0.090,0.6725,0.8934,1.0819,True
MultiStage_CPUScreen_GPUFull,ae85eb4c,8,1,1,5.817866e-03,2,72,0.0655,6.902304e-05,1747258558.048,0.152,0.6570,0.8927,1.0801,True
MultiStage_CPUScreen_GPUFull,ae85eb4c,8,1,4,7.082421e-03,2,77,0.1737,6.622267e-06,1747258558.378,0.086,0.6160,0.9092,1.0458,True
MultiStage_CPUScreen_GPUFull,ae85eb4c,8,1,6,5.648007e-03,2,77,0.1737,5.454880e-06,1747258558.577,0.089,0.6640,0.9082,1.0421,True
MultiStage_CPUScreen_GPUFull,ae85eb4c,8,1,2,5.817866e-03,2,90,0.0655,5.322591e-05,1747258558.200,0.088,0.6330,0.8989,1.0053,False
MultiStage_CPUScreen_GPUFull,ae85eb4c,8,1,7,2.758174e-04,1,75,0.4315,9.120732e-06,1747258558.666,0.163,0.1935,1.8924,0.1048,False
MultiStage_CPUScreen_GPUFull,ae85eb4c,8,1,0,8.987563e-05,1,97,0.3697,1.454826e-06,1747258557.680,0.369,0.1905,1.8949,0.0400,False
MultiStage_CPUScreen_GPUFull,ae85eb4c,8,1,5,3.244623e-05,2,29,0.3577,2.043715e-06,1747258558.464,0.113,0.0380,2.0820,0.0042,False
MultiStage_CPUScreen_GPUFull,ca9de40a,8,0,2,7.887132e-03,2,80,0.0000,4.565253e-07,1747258557.890,0.156,0.6730,0.8625,1.1343,True
MultiStage_CPUScreen_GPUFull,ca9de40a,8,0,6,7.887132e-03,3,72,0.0000,4.565253e-07,1747258559.072,0.203,0.6550,0.8675,1.0947,True
MultiStage_CPUScreen_GPUFull,ca9de40a,8,0,3,8.764631e-03,3,80,0.0000,4.565253e-07,1747258558.046,0.651,0.6655,0.8470,1.0898,True
MultiStage_CPUScreen_GPUFull,ca9de40a,8,0,0,7.887132e-03,3,80,0.0976,4.565253e-07,1747258557.680,0.118,0.6530,0.8949,1.0896,True
MultiStage_CPUScreen_GPUFull,ca9de40a,8,0,7,7.887132e-03,3,80,0.0000,5.234354e-07,1747258559.275,0.193,0.6655,0.8536,1.0589,False
MultiStage_CPUScreen_GPUFull,ca9de40a,8,0,1,7.887132e-03,3,80,0.0000,6.223535e-07,1747258557.799,0.091,0.6285,0.9243,1.0187,False
MultiStage_CPUScreen_GPUFull,ca9de40a,8,0,4,1.163713e-03,1,100,0.1703,6.152494e-07,1747258558.697,0.196,0.5575,1.4288,0.4328,False
MultiStage_CPUScreen_GPUFull,ca9de40a,8,0,5,9.212638e-04,3,49,0.4718,5.040254e-05,1747258558.894,0.178,0.4570,1.7229,0.1902,False
MultiStage_CPUScreen_GPUFull,2ce8a1ae,8,2,6,6.549958e-03,1,80,0.2245,7.420250e-07,1747258559.203,0.140,0.6460,0.8927,1.2212,True
MultiStage_CPUScreen_GPUFull,2ce8a1ae,8,2,4,6.549958e-03,1,80,0.2289,6.721369e-07,1747258558.959,0.165,0.6465,0.8869,1.1578,True
MultiStage_CPUScreen_GPUFull,2ce8a1ae,8,2,1,5.330936e-03,1,80,0.1711,6.721369e-07,1747258557.999,0.170,0.6235,0.9331,1.0944,True
MultiStage_CPUScreen_GPUFull,2ce8a1ae,8,2,0,6.549958e-03,1,64,0.1711,6.721369e-07,1747258557.680,0.318,0.6290,0.8973,0.9934,True
MultiStage_CPUScreen_GPUFull,2ce8a1ae,8,2,3,3.472211e-03,2,104,0.4039,1.190303e-07,1747258558.681,0.278,0.6090,1.0227,0.9433,False
MultiStage_CPUScreen_GPUFull,2ce8a1ae,8,2,7,4.460346e-04,3,103,0.2842,2.589241e-07,1747258559.343,0.149,0.4830,1.8544,0.1611,False
MultiStage_CPUScreen_GPUFull,2ce8a1ae,8,2,2,4.393856e-04,1,37,0.0806,1.871025e-07,1747258558.169,0.513,0.3440,1.7919,0.0833,False
MultiStage_CPUScreen_GPUFull,2ce8a1ae,8,2,5,4.674428e-05,1,22,0.3341,6.923720e-05,1747258559.124,0.079,0.0635,2.0728,0.0073,False
MultiStage_CPUScreen_GPUFull,ca9de40a,9,0,6,7.887132e-03,3,80,0.0000,5.743226e-07,1747258591.959,0.188,0.6530,0.8425,1.1534,True
MultiStage_CPUScreen_GPUFull,ca9de40a,9,0,0,7.887132e-03,2,80,0.0000,4.565253e-07,1747258590.750,0.261,0.6790,0.7930,1.1458,True
MultiStage_CPUScreen_GPUFull,ca9de40a,9,0,5,7.887132e-03,3,96,0.0000,4.565253e-07,1747258591.748,0.211,0.6945,0.7825,1.1326,True
MultiStage_CPUScreen_GPUFull,ca9de40a,9,0,3,7.887132e-03,3,80,0.0631,4.565253e-07,1747258591.351,0.234,0.6675,0.8578,1.0601,True
MultiStage_CPUScreen_GPUFull,ca9de40a,9,0,1,7.106556e-04,3,79,0.4151,1.239819e-07,1747258591.011,0.170,0.4795,1.7959,0.1817,False
MultiStage_CPUScreen_GPUFull,ca9de40a,9,0,7,1.050381e-03,1,17,0.4071,1.051520e-07,1747258592.147,0.215,0.2805,1.9010,0.1298,False
MultiStage_CPUScreen_GPUFull,ca9de40a,9,0,2,2.146148e-04,3,122,0.2681,5.135432e-07,1747258591.181,0.170,0.4935,1.8519,0.0992,False
MultiStage_CPUScreen_GPUFull,ca9de40a,9,0,4,6.095755e-04,2,26,0.1620,2.723412e-05,1747258591.585,0.162,0.3510,1.8770,0.0805,False
MultiStage_CPUScreen_GPUFull,2ce8a1ae,9,2,5,6.225547e-03,1,101,0.2909,2.443302e-06,1747258591.817,0.227,0.6535,0.8711,1.1374,True
MultiStage_CPUScreen_GPUFull,2ce8a1ae,9,2,3,6.549958e-03,2,80,0.2245,6.721369e-07,1747258591.392,0.167,0.6430,0.8918,1.0895,True
MultiStage_CPUScreen_GPUFull,2ce8a1ae,9,2,6,6.549958e-03,1,64,0.1711,5.368742e-07,1747258592.044,0.135,0.6175,0.9018,1.0414,True
MultiStage_CPUScreen_GPUFull,2ce8a1ae,9,2,1,5.330936e-03,1,80,0.1711,4.922769e-07,1747258590.920,0.190,0.6265,0.9055,1.0257,True
MultiStage_CPUScreen_GPUFull,2ce8a1ae,9,2,4,5.330936e-03,1,80,0.1711,7.814626e-07,1747258591.559,0.258,0.6330,0.9055,1.0241,False
MultiStage_CPUScreen_GPUFull,2ce8a1ae,9,2,0,3.648958e-03,1,80,0.1711,6.721369e-07,1747258590.750,0.170,0.6150,1.0807,0.9896,False
MultiStage_CPUScreen_GPUFull,2ce8a1ae,9,2,2,3.845964e-03,3,21,0.3432,8.868461e-06,1747258591.109,0.283,0.5215,1.3875,0.5599,False
MultiStage_CPUScreen_GPUFull,2ce8a1ae,9,2,7,6.788176e-05,2,32,0.2811,4.688759e-05,1747258592.179,0.271,0.4165,1.9081,0.0136,False
MultiStage_CPUScreen_GPUFull,ae85eb4c,9,1,2,5.817866e-03,2,72,0.0655,6.902304e-05,1747258591.253,0.191,0.6565,0.8985,1.0932,True
MultiStage_CPUScreen_GPUFull,ae85eb4c,9,1,0,5.917350e-03,2,90,0.0655,6.056448e-05,1747258590.750,0.213,0.6340,0.9069,1.0646,True
MultiStage_CPUScreen_GPUFull,ae85eb4c,9,1,1,4.848475e-03,2,64,0.0655,6.902304e-05,1747258590.963,0.290,0.6125,0.9989,0.9508,True
MultiStage_CPUScreen_GPUFull,ae85eb4c,9,1,7,5.817866e-03,2,72,0.0655,4.654893e-05,1747258592.308,0.158,0.5635,1.0097,0.9405,True
MultiStage_CPUScreen_GPUFull,ae85eb4c,9,1,6,6.144716e-03,3,56,0.1032,2.822900e-07,1747258592.178,0.130,0.5925,0.9683,0.9032,False
MultiStage_CPUScreen_GPUFull,ae85eb4c,9,1,4,4.743939e-03,3,18,0.3468,2.015588e-05,1747258591.628,0.233,0.4925,1.5376,0.3637,False
MultiStage_CPUScreen_GPUFull,ae85eb4c,9,1,5,6.403457e-04,2,18,0.2538,3.324590e-07,1747258591.862,0.317,0.0275,2.0175,0.0554,False
MultiStage_CPUScreen_GPUFull,ae85eb4c,9,1,3,5.236463e-05,1,17,0.2043,1.349732e-05,1747258591.444,0.184,0.2725,1.9720,0.0069,False
MultiStage_CPUScreen_GPUFull,ae85eb4c,10,1,0,5.817866e-03,2,88,0.0655,6.056448e-05,1747258624.040,0.145,0.6445,0.8938,1.0911,True
MultiStage_CPUScreen_GPUFull,ae85eb4c,10,1,4,5.817866e-03,2,112,0.0655,6.056448e-05,1747258624.696,0.179,0.6410,0.8334,1.0860,True
MultiStage_CPUScreen_GPUFull,ae85eb4c,10,1,6,5.817866e-03,2,80,0.0655,6.902304e-05,1747258625.117,0.317,0.6280,0.8735,1.0573,True
MultiStage_CPUScreen_GPUFull,ae85eb4c,10,1,1,5.817866e-03,2,90,0.1153,6.056448e-05,1747258624.185,0.147,0.6415,0.8701,1.0483,True
MultiStage_CPUScreen_GPUFull,ae85eb4c,10,1,3,5.817866e-03,2,90,0.0074,6.056448e-05,1747258624.504,0.192,0.6335,0.8788,1.0319,False
MultiStage_CPUScreen_GPUFull,ae85eb4c,10,1,7,5.817866e-03,2,72,0.0655,6.907937e-05,1747258625.434,0.106,0.6240,0.9380,0.9952,False
MultiStage_CPUScreen_GPUFull,ae85eb4c,10,1,2,1.059392e-03,1,102,0.1024,2.594622e-06,1747258624.332,0.172,0.4720,1.5231,0.4578,False
MultiStage_CPUScreen_GPUFull,ae85eb4c,10,1,5,3.183772e-05,2,59,0.2185,3.090936e-07,1747258624.875,0.242,0.0585,1.9882,0.0096,False
MultiStage_CPUScreen_GPUFull,2ce8a1ae,10,2,1,6.549958e-03,1,64,0.1711,7.070930e-07,1747258624.271,0.196,0.6420,0.8964,1.1521,True
MultiStage_CPUScreen_GPUFull,2ce8a1ae,10,2,6,6.549958e-03,1,64,0.1711,8.317334e-07,1747258625.063,0.230,0.6470,0.8610,1.1131,True
MultiStage_CPUScreen_GPUFull,2ce8a1ae,10,2,2,6.549958e-03,2,64,0.1711,6.721369e-07,1747258624.467,0.172,0.6145,0.9200,1.0678,True
MultiStage_CPUScreen_GPUFull,2ce8a1ae,10,2,5,6.549958e-03,1,80,0.4145,6.721369e-07,1747258624.950,0.113,0.6545,0.8840,1.0452,True
MultiStage_CPUScreen_GPUFull,2ce8a1ae,10,2,4,6.549958e-03,1,56,0.2245,6.721369e-07,1747258624.822,0.128,0.6270,0.9083,1.0160,False
MultiStage_CPUScreen_GPUFull,2ce8a1ae,10,2,0,5.330936e-03,1,88,0.1711,6.721369e-07,1747258624.040,0.231,0.6435,0.8711,0.9963,False
MultiStage_CPUScreen_GPUFull,2ce8a1ae,10,2,3,6.549958e-03,1,64,0.1413,6.721369e-07,1747258624.639,0.183,0.6465,0.8483,0.9932,False
MultiStage_CPUScreen_GPUFull,2ce8a1ae,10,2,7,1.620448e-03,1,83,0.1860,1.636733e-07,1747258625.293,0.283,0.5820,1.4289,0.5516,False
MultiStage_CPUScreen_GPUFull,ca9de40a,10,0,7,7.887132e-03,2,80,0.0000,4.565253e-07,1747258625.741,0.084,0.6830,0.8285,1.1111,True
MultiStage_CPUScreen_GPUFull,ca9de40a,10,0,6,7.887132e-03,3,80,0.0000,5.743226e-07,1747258625.629,0.113,0.6695,0.8427,1.0909,True
MultiStage_CPUScreen_GPUFull,ca9de40a,10,0,2,7.887132e-03,3,56,0.0000,4.565253e-07,1747258624.670,0.271,0.6665,0.8977,1.0841,True
MultiStage_CPUScreen_GPUFull,ca9de40a,10,0,1,7.887132e-03,3,80,0.0000,4.988839e-07,1747258624.399,0.272,0.6755,0.8675,1.0630,True
MultiStage_CPUScreen_GPUFull,ca9de40a,10,0,5,7.887132e-03,3,80,0.0000,3.208655e-07,1747258625.428,0.201,0.6345,0.8839,1.0504,False
MultiStage_CPUScreen_GPUFull,ca9de40a,10,0,3,7.887132e-03,3,80,0.0000,5.965496e-07,1747258624.942,0.305,0.6285,0.9194,1.0409,False
MultiStage_CPUScreen_GPUFull,ca9de40a,10,0,4,7.887132e-03,3,80,0.0000,4.565253e-07,1747258625.247,0.181,0.6210,0.9068,1.0089,False
MultiStage_CPUScreen_GPUFull,ca9de40a,10,0,0,6.985259e-04,3,113,0.4791,3.078214e-05,1747258624.040,0.359,0.4935,1.7021,0.2686,False
MultiStage_CPUScreen_GPUFull,ca9de40a,11,0,7,7.887132e-03,3,80,0.0000,5.743226e-07,1747258658.937,0.161,0.6750,0.8228,1.1454,True
MultiStage_CPUScreen_GPUFull,ca9de40a,11,0,3,7.887132e-03,3,72,0.0000,4.565253e-07,1747258658.077,0.182,0.6490,0.8709,1.1380,True
MultiStage_CPUScreen_GPUFull,ca9de40a,11,0,4,7.034285e-03,3,80,0.0000,4.565253e-07,1747258658.260,0.212,0.6585,0.8390,1.0921,True
MultiStage_CPUScreen_GPUFull,ca9de40a,11,0,5,7.887132e-03,3,80,0.0000,5.743226e-07,1747258658.471,0.260,0.6545,0.8720,1.0535,True
MultiStage_CPUScreen_GPUFull,ca9de40a,11,0,2,9.144104e-03,3,80,0.0000,5.743226e-07,1747258657.923,0.154,0.6705,0.8726,1.0500,False
MultiStage_CPUScreen_GPUFull,ca9de40a,11,0,0,7.887132e-03,3,80,0.0000,4.565253e-07,1747258657.450,0.246,0.6315,0.9046,1.0356,False
MultiStage_CPUScreen_GPUFull,ca9de40a,11,0,6,7.887132e-03,3,80,0.0000,5.820095e-07,1747258658.731,0.206,0.6595,0.8474,0.9985,False
MultiStage_CPUScreen_GPUFull,ca9de40a,11,0,1,7.887132e-03,3,48,0.0000,4.565253e-07,1747258657.696,0.227,0.5640,0.9982,0.9602,False
MultiStage_CPUScreen_GPUFull,ae85eb4c,11,1,3,5.817866e-03,2,80,0.0655,6.926944e-05,1747258658.120,0.206,0.6570,0.8804,1.0966,True
MultiStage_CPUScreen_GPUFull,ae85eb4c,11,1,2,5.817866e-03,2,80,0.0655,4.448168e-05,1747258657.833,0.288,0.6305,0.8885,1.0899,True
MultiStage_CPUScreen_GPUFull,ae85eb4c,11,1,5,5.817866e-03,2,80,0.0655,6.902304e-05,1747258658.495,0.280,0.6490,0.8449,1.0704,True
MultiStage_CPUScreen_GPUFull,ae85eb4c,11,1,1,5.817866e-03,2,80,0.0655,8.300982e-05,1747258657.633,0.200,0.6250,0.9091,1.0654,True
MultiStage_CPUScreen_GPUFull,ae85eb4c,11,1,4,5.817866e-03,2,72,0.0157,6.902304e-05,1747258658.327,0.168,0.6565,0.8881,1.0627,False
MultiStage_CPUScreen_GPUFull,ae85eb4c,11,1,0,5.817866e-03,3,72,0.0655,6.902304e-05,1747258657.450,0.183,0.6215,0.9551,0.9744,False
MultiStage_CPUScreen_GPUFull,ae85eb4c,11,1,7,1.599144e-04,3,70,0.0607,6.367958e-06,1747258658.985,0.167,0.0315,1.8871,0.0430,False
MultiStage_CPUScreen_GPUFull,ae85eb4c,11,1,6,3.333859e-05,2,72,0.3697,6.545284e-07,1747258658.774,0.210,0.0165,2.0526,0.0140,False
MultiStage_CPUScreen_GPUFull,2ce8a1ae,11,2,5,5.330936e-03,1,80,0.1711,8.309664e-07,1747258658.445,0.214,0.6520,0.9430,1.1765,True
MultiStage_CPUScreen_GPUFull,2ce8a1ae,11,2,3,6.549958e-03,1,64,0.1711,6.426183e-07,1747258658.035,0.181,0.6235,0.9150,1.1537,True
MultiStage_CPUScreen_GPUFull,2ce8a1ae,11,2,6,6.827620e-03,1,64,0.1711,6.721369e-07,1747258658.659,0.233,0.6385,0.8712,1.1240,True
MultiStage_CPUScreen_GPUFull,2ce8a1ae,11,2,4,8.842786e-03,1,64,0.1711,6.721369e-07,1747258658.216,0.229,0.6665,0.8241,1.0902,True
MultiStage_CPUScreen_GPUFull,2ce8a1ae,11,2,1,4.798612e-03,1,64,0.1711,6.721369e-07,1747258657.676,0.202,0.6155,0.9904,0.9579,False
MultiStage_CPUScreen_GPUFull,2ce8a1ae,11,2,7,2.799085e-04,2,127,0.0983,4.961984e-07,1747258658.892,0.298,0.5195,1.7400,0.1980,False
MultiStage_CPUScreen_GPUFull,2ce8a1ae,11,2,2,5.684074e-04,1,17,0.0820,9.815537e-05,1747258657.878,0.157,0.4475,1.7851,0.0608,False
MultiStage_CPUScreen_GPUFull,2ce8a1ae,11,2,0,2.073078e-04,1,44,0.2421,1.638328e-07,1747258657.450,0.226,0.3910,1.8169,0.0480,False
MultiStage_CPUScreen_GPUFull,ae85eb4c,12,1,0,5.817866e-03,1,80,0.0655,6.926944e-05,1747258689.956,0.212,0.6435,0.8791,1.0951,True
MultiStage_CPUScreen_GPUFull,ae85eb4c,12,1,1,5.817866e-03,2,80,0.0655,6.818805e-05,1747258690.168,0.142,0.6640,0.8689,1.0789,True
MultiStage_CPUScreen_GPUFull,ae85eb4c,12,1,5,6.182932e-03,2,80,0.0655,6.926944e-05,1747258690.790,0.204,0.6285,0.8790,1.0485,True
MultiStage_CPUScreen_GPUFull,ae85eb4c,12,1,6,5.817866e-03,2,80,0.0655,5.982351e-05,1747258690.994,0.199,0.6655,0.8695,1.0376,True
MultiStage_CPUScreen_GPUFull,ae85eb4c,12,1,3,8.814104e-03,3,85,0.3595,1.227742e-05,1747258690.461,0.167,0.5405,0.9685,0.9924,False
MultiStage_CPUScreen_GPUFull,ae85eb4c,12,1,4,6.589267e-03,1,27,0.0365,1.431809e-07,1747258690.629,0.162,0.6265,1.0357,0.9897,False
MultiStage_CPUScreen_GPUFull,ae85eb4c,12,1,2,5.817866e-03,2,72,0.0000,6.902304e-05,1747258690.310,0.151,0.6420,0.8902,0.9774,False
MultiStage_CPUScreen_GPUFull,ae85eb4c,12,1,7,1.040748e-04,3,17,0.2549,1.695341e-06,1747258691.193,0.144,0.4910,1.8649,0.0072,False
MultiStage_CPUScreen_GPUFull,2ce8a1ae,12,2,7,6.549958e-03,2,80,0.2245,6.721369e-07,1747258691.185,0.192,0.6465,0.9046,1.1382,True
MultiStage_CPUScreen_GPUFull,2ce8a1ae,12,2,2,6.549958e-03,1,64,0.1711,6.721369e-07,1747258690.327,0.233,0.6360,0.9061,1.0958,True
MultiStage_CPUScreen_GPUFull,2ce8a1ae,12,2,4,5.330936e-03,1,80,0.0670,6.721369e-07,1747258690.714,0.143,0.6380,0.8994,1.0826,True
MultiStage_CPUScreen_GPUFull,2ce8a1ae,12,2,3,6.549958e-03,1,64,0.2953,6.721369e-07,1747258690.560,0.154,0.6285,0.9002,1.0770,True
MultiStage_CPUScreen_GPUFull,2ce8a1ae,12,2,6,6.549958e-03,1,64,0.1711,5.353625e-07,1747258691.049,0.136,0.6245,0.9081,1.0506,False
MultiStage_CPUScreen_GPUFull,2ce8a1ae,12,2,1,5.330936e-03,1,80,0.1565,6.721369e-07,1747258690.127,0.200,0.6575,0.8860,1.0357,False
MultiStage_CPUScreen_GPUFull,2ce8a1ae,12,2,0,6.549958e-03,1,64,0.1711,7.534480e-07,1747258689.956,0.172,0.6615,0.8566,0.9951,False
MultiStage_CPUScreen_GPUFull,2ce8a1ae,12,2,5,6.061689e-05,2,101,0.2009,2.866538e-07,1747258690.857,0.191,0.3805,1.8659,0.0321,False
MultiStage_CPUScreen_GPUFull,ca9de40a,12,0,6,7.887132e-03,3,80,0.0000,4.565253e-07,1747258690.004,0.087,0.6885,0.8346,1.1025,True
MultiStage_CPUScreen_GPUFull,ca9de40a,12,0,7,7.887132e-03,3,80,0.0066,4.565253e-07,1747258690.091,0.093,0.6680,0.8680,1.0596,True
MultiStage_CPUScreen_GPUFull,ca9de40a,12,0,2,7.887132e-03,3,80,0.0000,2.867406e-07,1747258690.358,0.412,0.5880,0.9265,1.0415,True
MultiStage_CPUScreen_GPUFull,ca9de40a,12,0,5,7.887132e-03,3,80,0.0000,3.906335e-07,1747258691.284,0.170,0.6605,0.8808,1.0394,True
MultiStage_CPUScreen_GPUFull,ca9de40a,12,0,3,7.887132e-03,3,80,0.0000,4.565253e-07,1747258690.770,0.232,0.6230,0.9499,1.0364,False
MultiStage_CPUScreen_GPUFull,ca9de40a,12,0,1,3.664276e-03,3,35,0.2666,2.769930e-05,1747258690.142,0.217,0.4935,1.2856,0.7058,False
MultiStage_CPUScreen_GPUFull,ca9de40a,12,0,0,3.635326e-03,3,25,0.0181,4.730072e-06,1747258689.956,0.185,0.5355,1.5611,0.4474,False
MultiStage_CPUScreen_GPUFull,ca9de40a,12,0,4,1.966318e-03,3,19,0.3137,2.975851e-06,1747258691.002,0.282,0.4945,1.7804,0.1329,False
MultiStage_CPUScreen_GPUFull,2ce8a1ae,13,2,5,6.549958e-03,1,80,0.2245,6.721369e-07,1747258722.348,0.269,0.6505,0.8712,1.1349,True
MultiStage_CPUScreen_GPUFull,2ce8a1ae,13,2,2,6.549958e-03,1,80,0.2245,6.721369e-07,1747258721.738,0.110,0.6525,0.8742,1.1227,True
MultiStage_CPUScreen_GPUFull,2ce8a1ae,13,2,7,6.549958e-03,1,80,0.1376,6.721369e-07,1747258722.766,0.185,0.6415,0.8720,1.1163,True
MultiStage_CPUScreen_GPUFull,2ce8a1ae,13,2,4,9.094835e-03,1,80,0.2245,6.721369e-07,1747258722.185,0.163,0.6775,0.8169,1.1020,True
MultiStage_CPUScreen_GPUFull,2ce8a1ae,13,2,3,4.579916e-03,1,80,0.0670,6.721369e-07,1747258721.848,0.337,0.6340,0.9156,0.9869,False
MultiStage_CPUScreen_GPUFull,2ce8a1ae,13,2,1,9.249113e-04,3,49,0.4992,7.068983e-06,1747258721.610,0.129,0.4655,1.7340,0.1707,False
MultiStage_CPUScreen_GPUFull,2ce8a1ae,13,2,6,1.735118e-04,2,54,0.4438,5.302037e-07,1747258722.617,0.149,0.1850,1.9158,0.0378,False
MultiStage_CPUScreen_GPUFull,2ce8a1ae,13,2,0,2.862412e-04,1,16,0.2911,5.041377e-05,1747258721.428,0.181,0.2885,1.8826,0.0366,False
MultiStage_CPUScreen_GPUFull,ca9de40a,13,0,1,1.009956e-02,3,80,0.0000,5.743226e-07,1747258721.592,0.242,0.6550,0.8806,1.1108,True
MultiStage_CPUScreen_GPUFull,ca9de40a,13,0,0,7.887132e-03,3,80,0.0002,4.565253e-07,1747258721.434,0.158,0.6930,0.8246,1.0855,True
MultiStage_CPUScreen_GPUFull,ca9de40a,13,0,5,7.887132e-03,3,80,0.0000,5.743226e-07,1747258722.302,0.360,0.6490,0.9062,1.0685,True
MultiStage_CPUScreen_GPUFull,ca9de40a,13,0,2,5.638634e-03,3,80,0.0066,4.565253e-07,1747258721.834,0.169,0.5890,1.0057,1.0109,True
MultiStage_CPUScreen_GPUFull,ca9de40a,13,0,3,5.795212e-03,3,80,0.0066,4.565253e-07,1747258722.003,0.138,0.5975,0.9930,0.9847,False
MultiStage_CPUScreen_GPUFull,ca9de40a,13,0,6,7.887132e-03,3,80,0.0000,6.313229e-07,1747258722.662,0.295,0.6570,0.9388,0.9787,False
MultiStage_CPUScreen_GPUFull,ca9de40a,13,0,4,1.460098e-03,1,16,0.4313,1.802643e-07,1747258722.142,0.160,0.4295,1.7429,0.1832,False
MultiStage_CPUScreen_GPUFull,ca9de40a,13,0,7,4.127387e-05,3,18,0.2397,1.240514e-07,1747258722.957,0.109,0.0055,1.9213,0.0029,False
MultiStage_CPUScreen_GPUFull,ae85eb4c,13,1,4,5.817866e-03,2,90,0.0001,6.056448e-05,1747258722.399,0.096,0.6285,0.8611,1.1500,True
MultiStage_CPUScreen_GPUFull,ae85eb4c,13,1,3,5.817866e-03,2,80,0.0655,6.902304e-05,1747258722.192,0.207,0.6360,0.9153,1.0748,True
MultiStage_CPUScreen_GPUFull,ae85eb4c,13,1,6,5.817866e-03,2,90,0.1115,6.056448e-05,1747258722.713,0.169,0.6300,0.9022,1.0436,True
MultiStage_CPUScreen_GPUFull,ae85eb4c,13,1,0,5.817866e-03,1,88,0.0655,6.926944e-05,1747258721.428,0.296,0.6615,0.8740,1.0112,True
MultiStage_CPUScreen_GPUFull,ae85eb4c,13,1,2,5.817866e-03,1,80,0.0655,6.926944e-05,1747258721.911,0.281,0.6620,0.8593,1.0069,False
MultiStage_CPUScreen_GPUFull,ae85eb4c,13,1,7,5.817866e-03,2,72,0.1979,6.902304e-05,1747258722.882,0.220,0.6110,0.9416,1.0051,False
MultiStage_CPUScreen_GPUFull,ae85eb4c,13,1,5,5.817866e-03,1,48,0.0655,6.926944e-05,1747258722.495,0.218,0.6230,0.9636,0.9680,False
MultiStage_CPUScreen_GPUFull,ae85eb4c,13,1,1,4.842647e-04,2,24,0.3836,1.553266e-05,1747258721.724,0.187,0.2790,1.8200,0.0582,False
MultiStage_CPUScreen_GPUFull,ae85eb4c,14,1,7,5.817866e-03,1,80,0.0655,4.916032e-05,1747258756.155,0.153,0.6475,0.8973,1.1475,True
MultiStage_CPUScreen_GPUFull,ae85eb4c,14,1,3,5.817866e-03,2,90,0.1523,6.056448e-05,1747258755.369,0.239,0.6515,0.8793,1.1349,True
MultiStage_CPUScreen_GPUFull,ae85eb4c,14,1,5,5.817866e-03,1,80,0.0655,6.926944e-05,1747258755.788,0.181,0.6320,0.9139,1.1267,True
MultiStage_CPUScreen_GPUFull,ae85eb4c,14,1,1,5.976304e-03,1,80,0.0655,6.926944e-05,1747258755.029,0.165,0.6510,0.8928,1.1013,True
MultiStage_CPUScreen_GPUFull,ae85eb4c,14,1,0,5.817866e-03,1,80,0.0655,7.967136e-05,1747258754.900,0.130,0.6430,0.8757,1.0639,False
MultiStage_CPUScreen_GPUFull,ae85eb4c,14,1,4,5.817866e-03,2,96,0.0655,6.902304e-05,1747258755.608,0.180,0.6650,0.8543,1.0608,False
MultiStage_CPUScreen_GPUFull,ae85eb4c,14,1,6,5.817866e-03,2,72,0.1998,6.902304e-05,1747258755.969,0.186,0.5530,0.9756,1.0394,False
MultiStage_CPUScreen_GPUFull,ae85eb4c,14,1,2,1.496142e-04,3,23,0.3434,3.984647e-07,1747258755.194,0.175,0.0085,1.9287,0.0101,False
MultiStage_CPUScreen_GPUFull,2ce8a1ae,14,2,4,5.330936e-03,1,80,0.0815,6.721369e-07,1747258755.744,0.235,0.6335,0.9037,1.0832,True
MultiStage_CPUScreen_GPUFull,2ce8a1ae,14,2,1,6.549958e-03,1,64,0.2993,6.721369e-07,1747258755.071,0.186,0.6255,0.8989,1.0571,True
MultiStage_CPUScreen_GPUFull,2ce8a1ae,14,2,6,6.549958e-03,1,80,0.2124,6.721369e-07,1747258756.219,0.136,0.6435,0.8635,1.0546,True
MultiStage_CPUScreen_GPUFull,2ce8a1ae,14,2,7,5.558612e-03,1,64,0.1711,6.721369e-07,1747258756.355,0.079,0.6425,0.9605,1.0522,True
MultiStage_CPUScreen_GPUFull,2ce8a1ae,14,2,3,6.549958e-03,1,64,0.1711,6.721369e-07,1747258755.497,0.247,0.6500,0.8923,1.0232,False
MultiStage_CPUScreen_GPUFull,2ce8a1ae,14,2,2,5.330936e-03,1,80,0.0670,5.391922e-07,1747258755.258,0.240,0.6280,0.9083,1.0156,False
MultiStage_CPUScreen_GPUFull,2ce8a1ae,14,2,0,6.549958e-03,1,64,0.1711,6.721369e-07,1747258754.900,0.172,0.6410,0.8692,1.0123,False
MultiStage_CPUScreen_GPUFull,2ce8a1ae,14,2,5,3.004047e-04,2,30,0.1928,9.716260e-05,1747258755.979,0.240,0.4605,1.8277,0.0489,False
MultiStage_CPUScreen_GPUFull,ca9de40a,14,0,7,7.887132e-03,3,80,0.0000,5.743226e-07,1747258756.430,0.092,0.6620,0.8287,1.1548,True
MultiStage_CPUScreen_GPUFull,ca9de40a,14,0,5,7.887132e-03,3,80,0.0000,4.565253e-07,1747258755.864,0.177,0.6710,0.8204,1.1274,True
MultiStage_CPUScreen_GPUFull,ca9de40a,14,0,3,7.887132e-03,3,80,0.0000,5.743226e-07,1747258755.519,0.160,0.6140,0.8992,1.0631,True
MultiStage_CPUScreen_GPUFull,ca9de40a,14,0,1,7.887132e-03,3,80,0.0000,4.565253e-07,1747258755.094,0.231,0.6430,0.8754,1.0441,True
MultiStage_CPUScreen_GPUFull,ca9de40a,14,0,2,7.887132e-03,2,80,0.0000,4.565253e-07,1747258755.325,0.195,0.6815,0.8253,1.0397,False
MultiStage_CPUScreen_GPUFull,ca9de40a,14,0,6,7.887132e-03,3,56,0.0000,4.565253e-07,1747258756.041,0.389,0.6450,0.9375,1.0303,False
MultiStage_CPUScreen_GPUFull,ca9de40a,14,0,4,7.887132e-03,3,80,0.0000,5.743226e-07,1747258755.680,0.184,0.6145,0.9315,1.0036,False
MultiStage_CPUScreen_GPUFull,ca9de40a,14,0,0,3.625949e-05,3,33,0.0896,4.762804e-07,1747258754.899,0.194,0.2015,1.8638,0.0054,False
MultiStage_CPUScreen_GPUFull,ae85eb4c,15,1,4,5.817866e-03,1,104,0.0655,6.926944e-05,1747258787.948,0.211,0.6685,0.8767,1.1459,True
MultiStage_CPUScreen_GPUFull,ae85eb4c,15,1,7,5.817866e-03,1,80,0.0655,8.058821e-05,1747258788.624,0.205,0.6585,0.8852,1.1316,True
MultiStage_CPUScreen_GPUFull,ae85eb4c,15,1,6,5.817866e-03,2,112,0.0001,6.056448e-05,1747258788.364,0.259,0.5855,0.9436,1.0756,True
MultiStage_CPUScreen_GPUFull,ae85eb4c,15,1,3,5.263815e-03,2,90,0.0001,6.056448e-05,1747258787.826,0.122,0.6505,0.8986,1.0548,True
MultiStage_CPUScreen_GPUFull,ae85eb4c,15,1,2,4.550820e-03,2,90,0.0001,6.056448e-05,1747258787.691,0.135,0.6480,0.9248,1.0195,False
MultiStage_CPUScreen_GPUFull,ae85eb4c,15,1,1,4.951424e-03,2,72,0.0655,6.902304e-05,1747258787.438,0.252,0.6460,0.9529,0.9699,False
MultiStage_CPUScreen_GPUFull,ae85eb4c,15,1,0,1.126006e-03,1,88,0.2105,3.055468e-05,1747258787.325,0.114,0.5280,1.5579,0.4283,False
MultiStage_CPUScreen_GPUFull,ae85eb4c,15,1,5,3.245742e-04,3,60,0.1540,6.372695e-06,1747258788.159,0.206,0.5010,1.8729,0.0576,False
MultiStage_CPUScreen_GPUFull,2ce8a1ae,15,2,3,6.549958e-03,1,72,0.1711,6.721369e-07,1747258788.027,0.224,0.6485,0.8757,1.1067,True
MultiStage_CPUScreen_GPUFull,2ce8a1ae,15,2,5,6.549958e-03,1,80,0.2245,5.642063e-07,1747258788.421,0.158,0.6475,0.8604,1.0941,True
MultiStage_CPUScreen_GPUFull,2ce8a1ae,15,2,0,6.549958e-03,1,80,0.3507,6.721369e-07,1747258787.325,0.288,0.6465,0.8721,1.0809,True
MultiStage_CPUScreen_GPUFull,2ce8a1ae,15,2,4,5.330936e-03,1,80,0.1601,6.721369e-07,1747258788.251,0.170,0.6295,0.8976,1.0364,True
MultiStage_CPUScreen_GPUFull,2ce8a1ae,15,2,1,5.993778e-03,2,17,0.4173,5.069854e-05,1747258787.613,0.181,0.5565,1.2216,0.6604,False
MultiStage_CPUScreen_GPUFull,2ce8a1ae,15,2,2,2.709845e-03,1,17,0.2528,2.063444e-06,1747258787.794,0.233,0.4745,1.6783,0.3244,False
MultiStage_CPUScreen_GPUFull,2ce8a1ae,15,2,7,1.610575e-04,3,36,0.4710,3.996965e-05,1747258788.778,0.170,0.4795,1.8609,0.0160,False
MultiStage_CPUScreen_GPUFull,2ce8a1ae,15,2,6,5.867445e-05,3,20,0.3984,2.334809e-06,1747258788.578,0.200,0.0345,2.0869,0.0054,False
MultiStage_CPUScreen_GPUFull,ca9de40a,15,0,1,7.887132e-03,3,80,0.0000,5.743226e-07,1747258787.575,0.235,0.6720,0.8458,1.1499,True
MultiStage_CPUScreen_GPUFull,ca9de40a,15,0,3,6.211510e-03,3,80,0.0000,4.565253e-07,1747258788.102,0.254,0.6585,0.8914,1.0621,True
MultiStage_CPUScreen_GPUFull,ca9de40a,15,0,0,7.859289e-03,3,80,0.0000,4.565253e-07,1747258787.325,0.250,0.6675,0.9206,1.0569,True
MultiStage_CPUScreen_GPUFull,ca9de40a,15,0,5,9.355197e-03,1,31,0.0763,1.156406e-07,1747258788.667,0.237,0.6520,0.8837,1.0530,True
MultiStage_CPUScreen_GPUFull,ca9de40a,15,0,7,8.005246e-03,3,80,0.0000,4.565253e-07,1747258789.013,0.089,0.6050,0.9091,1.0390,False
MultiStage_CPUScreen_GPUFull,ca9de40a,15,0,6,7.887132e-03,3,64,0.0066,4.565253e-07,1747258788.904,0.110,0.6410,0.9700,0.9860,False
MultiStage_CPUScreen_GPUFull,ca9de40a,15,0,2,7.887132e-03,3,80,0.0000,4.565253e-07,1747258787.810,0.292,0.5355,0.9982,0.9407,False
MultiStage_CPUScreen_GPUFull,ca9de40a,15,0,4,3.963261e-05,2,105,0.1035,4.686711e-05,1747258788.356,0.311,0.0280,1.9656,0.0252,False
MultiStage_CPUScreen_GPUFull,ae85eb4c,16,1,4,5.817866e-03,1,90,0.0001,6.056448e-05,1747258820.587,0.206,0.6365,0.8675,1.1465,True
MultiStage_CPUScreen_GPUFull,ae85eb4c,16,1,3,5.263815e-03,2,112,0.0001,6.056448e-05,1747258820.472,0.114,0.6520,0.8441,1.1269,True
MultiStage_CPUScreen_GPUFull,ae85eb4c,16,1,7,5.817866e-03,2,120,0.0001,6.056448e-05,1747258821.423,0.193,0.6660,0.8128,1.1166,True
MultiStage_CPUScreen_GPUFull,ae85eb4c,16,1,0,5.817866e-03,1,80,0.1919,6.926944e-05,1747258820.189,0.113,0.6310,0.9027,1.1097,True
MultiStage_CPUScreen_GPUFull,ae85eb4c,16,1,2,5.263815e-03,2,90,0.0001,4.756314e-05,1747258820.388,0.085,0.6415,0.8827,1.0438,False
MultiStage_CPUScreen_GPUFull,ae85eb4c,16,1,5,5.817866e-03,2,96,0.0001,6.056448e-05,1747258820.793,0.185,0.6610,0.8926,1.0432,False
MultiStage_CPUScreen_GPUFull,ae85eb4c,16,1,6,8.476031e-04,3,75,0.0618,1.316706e-07,1747258820.978,0.445,0.5015,1.7169,0.2241,False
MultiStage_CPUScreen_GPUFull,ae85eb4c,16,1,1,4.867920e-05,2,80,0.1085,1.366392e-07,1747258820.301,0.086,0.0480,1.9296,0.0212,False
MultiStage_CPUScreen_GPUFull,2ce8a1ae,16,2,7,6.549958e-03,1,64,0.1711,6.721369e-07,1747258821.730,0.079,0.6160,0.9029,1.1199,True
MultiStage_CPUScreen_GPUFull,2ce8a1ae,16,2,1,6.065126e-03,1,80,0.0670,6.721369e-07,1747258820.650,0.186,0.6405,0.8764,1.1086,True
MultiStage_CPUScreen_GPUFull,2ce8a1ae,16,2,3,6.549958e-03,1,64,0.1711,6.721369e-07,1747258821.033,0.097,0.6465,0.8821,1.0890,True
MultiStage_CPUScreen_GPUFull,2ce8a1ae,16,2,6,5.330936e-03,1,104,0.0670,6.721369e-07,1747258821.598,0.132,0.6455,0.8674,1.0797,True
MultiStage_CPUScreen_GPUFull,2ce8a1ae,16,2,0,5.330936e-03,1,80,0.0670,6.721369e-07,1747258820.189,0.461,0.6445,0.8910,1.0515,False
MultiStage_CPUScreen_GPUFull,2ce8a1ae,16,2,2,6.549958e-03,1,72,0.3197,6.721369e-07,1747258820.836,0.197,0.6225,0.9060,0.9914,False
MultiStage_CPUScreen_GPUFull,2ce8a1ae,16,2,5,5.330936e-03,1,80,0.0670,6.721369e-07,1747258821.383,0.214,0.6545,0.8771,0.9474,False
MultiStage_CPUScreen_GPUFull,2ce8a1ae,16,2,4,9.690155e-05,2,19,0.0650,2.274614e-05,1747258821.130,0.254,0.0255,2.1855,0.0117,False
MultiStage_CPUScreen_GPUFull,ca9de40a,16,0,7,8.982893e-03,3,80,0.0066,4.565253e-07,1747258821.925,0.102,0.6665,0.8352,1.1452,True
MultiStage_CPUScreen_GPUFull,ca9de40a,16,0,1,7.887132e-03,3,80,0.0000,4.565253e-07,1747258820.675,0.251,0.6305,0.8659,1.1107,True
MultiStage_CPUScreen_GPUFull,ca9de40a,16,0,6,7.887132e-03,3,80,0.0066,4.565253e-07,1747258821.827,0.098,0.6285,0.8858,1.1005,True
MultiStage_CPUScreen_GPUFull,ca9de40a,16,0,0,8.077403e-03,3,80,0.0066,4.565253e-07,1747258820.189,0.486,0.6420,0.8852,1.0449,True
MultiStage_CPUScreen_GPUFull,ca9de40a,16,0,5,7.887132e-03,3,80,0.0000,4.565253e-07,1747258821.492,0.335,0.6490,0.8757,1.0294,False
MultiStage_CPUScreen_GPUFull,ca9de40a,16,0,2,1.323517e-03,2,36,0.2576,1.731240e-07,1747258820.926,0.270,0.3830,1.7395,0.2403,False
MultiStage_CPUScreen_GPUFull,ca9de40a,16,0,4,4.641176e-04,3,46,0.2190,6.039660e-06,1747258821.323,0.169,0.3690,1.8136,0.0691,False
MultiStage_CPUScreen_GPUFull,ca9de40a,16,0,3,1.276344e-04,2,19,0.4969,8.731853e-07,1747258821.196,0.127,0.0065,2.0042,0.0142,False
MultiStage_CPUScreen_GPUFull,2ce8a1ae,17,2,5,5.330936e-03,1,104,0.0670,6.681460e-07,1747258853.553,0.205,0.6455,0.8768,1.0914,True
MultiStage_CPUScreen_GPUFull,2ce8a1ae,17,2,1,5.330936e-03,1,104,0.0670,6.721369e-07,1747258852.936,0.179,0.6435,0.8687,1.0681,True
MultiStage_CPUScreen_GPUFull,2ce8a1ae,17,2,4,5.330936e-03,1,80,0.0470,6.721369e-07,1747258853.377,0.176,0.6325,0.9108,1.0445,True
MultiStage_CPUScreen_GPUFull,2ce8a1ae,17,2,7,6.549958e-03,1,64,0.1711,6.721369e-07,1747258853.959,0.135,0.6315,0.8765,1.0222,True
MultiStage_CPUScreen_GPUFull,2ce8a1ae,17,2,6,5.330936e-03,1,104,0.0000,6.721369e-07,1747258853.758,0.201,0.6570,0.8551,1.0107,False
MultiStage_CPUScreen_GPUFull,2ce8a1ae,17,2,3,5.330936e-03,1,80,0.0670,6.665516e-07,1747258853.213,0.165,0.6505,0.9211,0.9607,False
MultiStage_CPUScreen_GPUFull,2ce8a1ae,17,2,0,6.549958e-03,2,64,0.1711,6.721369e-07,1747258852.659,0.277,0.6050,0.9257,0.9495,False
MultiStage_CPUScreen_GPUFull,2ce8a1ae,17,2,2,9.357318e-04,3,73,0.0340,1.453622e-06,1747258853.115,0.098,0.5850,1.5786,0.3452,False
MultiStage_CPUScreen_GPUFull,ca9de40a,17,0,4,6.898493e-03,3,80,0.0000,5.743226e-07,1747258853.547,0.296,0.6640,0.8280,1.1686,True
MultiStage_CPUScreen_GPUFull,ca9de40a,17,0,3,7.887132e-03,2,80,0.0000,4.565253e-07,1747258853.377,0.170,0.6865,0.8179,1.1558,True
MultiStage_CPUScreen_GPUFull,ca9de40a,17,0,2,7.887132e-03,3,96,0.0066,4.565253e-07,1747258853.034,0.343,0.6340,0.8972,1.1240,True
MultiStage_CPUScreen_GPUFull,ca9de40a,17,0,6,7.887132e-03,3,80,0.0066,6.134011e-07,1747258854.033,0.193,0.6730,0.8789,1.0667,True
MultiStage_CPUScreen_GPUFull,ca9de40a,17,0,7,7.887132e-03,3,56,0.0000,5.743226e-07,1747258854.226,0.084,0.6315,0.9402,1.0201,False
MultiStage_CPUScreen_GPUFull,ca9de40a,17,0,1,9.396798e-03,3,80,0.0000,4.565253e-07,1747258852.882,0.152,0.6355,0.8857,1.0154,False
MultiStage_CPUScreen_GPUFull,ca9de40a,17,0,0,7.887132e-03,3,80,0.0000,7.223220e-07,1747258852.659,0.223,0.6290,0.8774,1.0032,False
MultiStage_CPUScreen_GPUFull,ca9de40a,17,0,5,1.635535e-03,1,64,0.2051,1.511057e-05,1747258853.843,0.190,0.5275,1.4978,0.4691,False
MultiStage_CPUScreen_GPUFull,ae85eb4c,17,1,3,5.817866e-03,2,120,0.0001,4.816074e-05,1747258853.336,0.269,0.6880,0.7825,1.1112,True
MultiStage_CPUScreen_GPUFull,ae85eb4c,17,1,6,5.817866e-03,1,80,0.0655,6.926944e-05,1747258853.931,0.211,0.6400,0.9120,1.0968,True
MultiStage_CPUScreen_GPUFull,ae85eb4c,17,1,2,5.817866e-03,2,120,0.0000,6.056448e-05,1747258853.068,0.268,0.6645,0.8583,1.0629,True
MultiStage_CPUScreen_GPUFull,ae85eb4c,17,1,4,5.817866e-03,2,80,0.0655,6.926944e-05,1747258853.605,0.182,0.6345,0.9212,1.0397,True
MultiStage_CPUScreen_GPUFull,ae85eb4c,17,1,0,1.918979e-03,1,97,0.4372,1.707299e-05,1747258852.659,0.163,0.6040,1.3384,0.6675,False
MultiStage_CPUScreen_GPUFull,ae85eb4c,17,1,5,7.525679e-04,1,124,0.0694,6.099940e-05,1747258853.788,0.144,0.5495,1.6533,0.3686,False
MultiStage_CPUScreen_GPUFull,ae85eb4c,17,1,7,2.839786e-04,3,86,0.3100,4.907665e-06,1747258854.143,0.226,0.2465,1.9221,0.0732,False
MultiStage_CPUScreen_GPUFull,ae85eb4c,17,1,1,8.891574e-05,3,78,0.4542,3.004379e-05,1747258852.822,0.246,0.3230,1.8891,0.0201,False
MultiStage_CPUScreen_GPUFull,ca9de40a,18,0,0,7.887132e-03,3,80,0.0066,4.128598e-07,1747258886.152,0.328,0.6325,0.9179,1.0969,True
MultiStage_CPUScreen_GPUFull,ca9de40a,18,0,3,7.887132e-03,3,80,0.0000,2.753470e-07,1747258886.676,0.202,0.6560,0.8596,1.0841,True
MultiStage_CPUScreen_GPUFull,ca9de40a,18,0,1,6.037745e-03,3,80,0.0000,5.743226e-07,1747258886.479,0.092,0.6775,0.8560,1.0702,True
MultiStage_CPUScreen_GPUFull,ca9de40a,18,0,6,6.898493e-03,3,80,0.0000,5.743226e-07,1747258887.433,0.210,0.6340,0.9008,1.0698,True
MultiStage_CPUScreen_GPUFull,ca9de40a,18,0,5,6.898493e-03,3,80,0.0000,3.492522e-07,1747258887.279,0.154,0.6395,0.8733,1.0626,False
MultiStage_CPUScreen_GPUFull,ca9de40a,18,0,4,7.887132e-03,3,80,0.0000,4.565253e-07,1747258886.878,0.401,0.6150,0.9267,1.0298,False
MultiStage_CPUScreen_GPUFull,ca9de40a,18,0,7,7.887132e-03,3,80,0.0592,4.565253e-07,1747258887.643,0.139,0.6240,0.9256,1.0130,False
MultiStage_CPUScreen_GPUFull,ca9de40a,18,0,2,6.920844e-03,3,80,0.0066,4.565253e-07,1747258886.571,0.105,0.6345,0.9229,0.9885,False
MultiStage_CPUScreen_GPUFull,ae85eb4c,18,1,2,5.942071e-03,2,120,0.0001,6.056448e-05,1747258886.767,0.184,0.6555,0.8504,1.1933,True
MultiStage_CPUScreen_GPUFull,ae85eb4c,18,1,3,5.817866e-03,1,88,0.0655,6.926944e-05,1747258886.951,0.212,0.6465,0.8853,1.1569,True
MultiStage_CPUScreen_GPUFull,ae85eb4c,18,1,0,5.817866e-03,2,120,0.0427,6.056448e-05,1747258886.152,0.238,0.6815,0.8280,1.1267,True
MultiStage_CPUScreen_GPUFull,ae85eb4c,18,1,7,5.817866e-03,2,120,0.0001,6.646446e-05,1747258887.684,0.165,0.6495,0.8674,1.1074,True
MultiStage_CPUScreen_GPUFull,ae85eb4c,18,1,1,5.817866e-03,2,72,0.0001,6.056448e-05,1747258886.390,0.377,0.6710,0.8922,1.0588,False
MultiStage_CPUScreen_GPUFull,ae85eb4c,18,1,6,4.621813e-03,1,80,0.0655,6.926944e-05,1747258887.543,0.142,0.6485,0.9319,1.0395,False
MultiStage_CPUScreen_GPUFull,ae85eb4c,18,1,4,5.817866e-03,1,48,0.0655,6.926944e-05,1747258887.163,0.213,0.6510,0.9644,1.0130,False
MultiStage_CPUScreen_GPUFull,ae85eb4c,18,1,5,2.282316e-03,3,91,0.1357,5.006707e-05,1747258887.376,0.167,0.6115,1.1919,0.7892,False
MultiStage_CPUScreen_GPUFull,2ce8a1ae,18,2,0,5.330936e-03,1,128,0.0670,6.721369e-07,1747258886.152,0.135,0.6740,0.8398,1.1674,True
MultiStage_CPUScreen_GPUFull,2ce8a1ae,18,2,5,5.330936e-03,1,104,0.0670,4.942024e-07,1747258887.112,0.190,0.6430,0.8522,1.1268,True
MultiStage_CPUScreen_GPUFull,2ce8a1ae,18,2,4,6.571221e-03,1,104,0.0670,6.721369e-07,1747258887.033,0.078,0.6580,0.8333,1.0961,True
MultiStage_CPUScreen_GPUFull,2ce8a1ae,18,2,1,4.548894e-03,1,104,0.0670,6.681460e-07,1747258886.287,0.137,0.6220,0.9255,1.0799,True
MultiStage_CPUScreen_GPUFull,2ce8a1ae,18,2,3,5.330936e-03,1,104,0.1535,6.721369e-07,1747258886.807,0.226,0.6505,0.8578,1.0381,False
MultiStage_CPUScreen_GPUFull,2ce8a1ae,18,2,7,5.330936e-03,1,104,0.0670,6.681460e-07,1747258887.528,0.338,0.6445,0.8665,1.0060,False
MultiStage_CPUScreen_GPUFull,2ce8a1ae,18,2,2,4.209545e-03,2,22,0.1677,5.174787e-06,1747258886.424,0.383,0.5780,1.4851,0.5532,False
MultiStage_CPUScreen_GPUFull,2ce8a1ae,18,2,6,4.465887e-04,2,63,0.4592,1.979926e-05,1747258887.302,0.227,0.2555,1.8668,0.1205,False
MultiStage_CPUScreen_GPUFull,ae85eb4c,19,1,3,5.817866e-03,1,80,0.0000,6.926944e-05,1747258919.993,0.080,0.6370,0.9008,1.1638,True
MultiStage_CPUScreen_GPUFull,ae85eb4c,19,1,2,5.817866e-03,1,80,0.0655,6.926944e-05,1747258919.904,0.089,0.6375,0.8809,1.1496,True
MultiStage_CPUScreen_GPUFull,ae85eb4c,19,1,0,5.817866e-03,3,120,0.0001,6.056448e-05,1747258919.651,0.169,0.6485,0.8465,1.1257,True
MultiStage_CPUScreen_GPUFull,ae85eb4c,19,1,4,5.817866e-03,1,80,0.0655,6.926944e-05,1747258920.074,0.278,0.6410,0.8859,1.0374,True
MultiStage_CPUScreen_GPUFull,ae85eb4c,19,1,7,5.263815e-03,2,90,0.0001,3.666029e-05,1747258920.643,0.211,0.6365,0.8932,1.0329,False
MultiStage_CPUScreen_GPUFull,ae85eb4c,19,1,5,5.263815e-03,1,90,0.0001,6.056448e-05,1747258920.352,0.114,0.6450,0.8966,1.0067,False
MultiStage_CPUScreen_GPUFull,ae85eb4c,19,1,6,5.817866e-03,1,120,0.0001,6.056448e-05,1747258920.466,0.178,0.6680,0.8423,1.0031,False
MultiStage_CPUScreen_GPUFull,ae85eb4c,19,1,1,3.962362e-04,2,97,0.1619,6.274524e-07,1747258919.821,0.084,0.5080,1.7584,0.1708,False
MultiStage_CPUScreen_GPUFull,2ce8a1ae,19,2,0,5.330936e-03,1,128,0.0000,6.721369e-07,1747258919.650,0.165,0.6425,0.8766,1.2072,True
MultiStage_CPUScreen_GPUFull,2ce8a1ae,19,2,2,5.195000e-03,1,128,0.0670,6.721369e-07,1747258920.196,0.083,0.6390,0.8511,1.1709,True
MultiStage_CPUScreen_GPUFull,2ce8a1ae,19,2,3,5.624049e-03,1,104,0.0670,6.681460e-07,1747258920.279,0.154,0.6515,0.8681,1.1465,True
MultiStage_CPUScreen_GPUFull,2ce8a1ae,19,2,1,5.630547e-03,1,104,0.0670,6.681460e-07,1747258919.815,0.381,0.6600,0.8553,1.0936,True
MultiStage_CPUScreen_GPUFull,2ce8a1ae,19,2,6,4.548894e-03,1,104,0.0481,6.681460e-07,1747258920.916,0.253,0.6535,0.9097,1.0491,False
MultiStage_CPUScreen_GPUFull,2ce8a1ae,19,2,5,5.330936e-03,1,104,0.0670,5.499877e-07,1747258920.760,0.155,0.6535,0.8667,1.0365,False
MultiStage_CPUScreen_GPUFull,2ce8a1ae,19,2,4,8.128798e-03,3,50,0.4279,2.005505e-06,1747258920.433,0.327,0.6030,1.0020,0.9368,False
MultiStage_CPUScreen_GPUFull,2ce8a1ae,19,2,7,5.455804e-04,3,20,0.4460,2.916569e-06,1747258921.168,0.185,0.0230,1.9071,0.0463,False
MultiStage_CPUScreen_GPUFull,ca9de40a,19,0,1,7.887132e-03,2,80,0.0066,4.565253e-07,1747258919.907,0.515,0.6780,0.8112,1.1673,True
MultiStage_CPUScreen_GPUFull,ca9de40a,19,0,3,9.498108e-03,3,80,0.0000,4.565253e-07,1747258920.624,0.168,0.6825,0.7842,1.1604,True
MultiStage_CPUScreen_GPUFull,ca9de40a,19,0,0,7.887132e-03,3,72,0.0066,4.565253e-07,1747258919.651,0.256,0.6625,0.8527,1.0761,True
MultiStage_CPUScreen_GPUFull,ca9de40a,19,0,4,7.887132e-03,3,104,0.0000,4.565253e-07,1747258920.792,0.213,0.6830,0.8188,1.0747,True
MultiStage_CPUScreen_GPUFull,ca9de40a,19,0,7,7.887132e-03,3,80,0.0066,4.413833e-07,1747258921.260,0.149,0.6295,0.9152,1.0552,False
MultiStage_CPUScreen_GPUFull,ca9de40a,19,0,2,4.989562e-03,3,80,0.0000,5.743226e-07,1747258920.422,0.202,0.6355,0.9517,1.0391,False
MultiStage_CPUScreen_GPUFull,ca9de40a,19,0,6,6.898493e-03,3,80,0.0005,5.743226e-07,1747258921.094,0.166,0.6445,0.8987,0.9980,False
MultiStage_CPUScreen_GPUFull,ca9de40a,19,0,5,2.034800e-04,1,26,0.2365,7.269664e-07,1747258921.005,0.089,0.1815,1.9527,0.0388,False
MultiStage_CPUScreen_GPUFull,ca9de40a,20,0,4,9.174754e-03,3,80,0.0066,4.565253e-07,1747258953.154,0.092,0.6605,0.8359,1.1471,True
MultiStage_CPUScreen_GPUFull,ca9de40a,20,0,3,7.887132e-03,3,80,0.0066,4.152265e-07,1747258952.949,0.205,0.6305,0.8766,1.1209,True
MultiStage_CPUScreen_GPUFull,ca9de40a,20,0,0,6.898493e-03,2,80,0.0000,5.743226e-07,1747258952.435,0.167,0.6635,0.8541,1.0847,True
MultiStage_CPUScreen_GPUFull,ca9de40a,20,0,5,7.887132e-03,3,80,0.0000,4.565253e-07,1747258953.246,0.127,0.6410,0.9023,1.0679,True
MultiStage_CPUScreen_GPUFull,ca9de40a,20,0,1,1.023967e-02,3,80,0.0066,4.565253e-07,1747258952.602,0.195,0.6550,0.8448,1.0582,False
MultiStage_CPUScreen_GPUFull,ca9de40a,20,0,2,6.898493e-03,3,80,0.0000,5.743226e-07,1747258952.797,0.153,0.6310,0.9066,1.0470,False
MultiStage_CPUScreen_GPUFull,ca9de40a,20,0,6,7.887132e-03,3,80,0.1963,4.565253e-07,1747258953.373,0.246,0.6110,0.9387,1.0078,False
MultiStage_CPUScreen_GPUFull,ca9de40a,20,0,7,2.584562e-04,2,116,0.3123,4.532793e-06,1747258953.619,0.268,0.4795,1.8295,0.1675,False
MultiStage_CPUScreen_GPUFull,2ce8a1ae,20,2,5,5.195000e-03,1,128,0.0670,6.721369e-07,1747258953.533,0.245,0.6270,0.8725,1.2341,True
MultiStage_CPUScreen_GPUFull,2ce8a1ae,20,2,4,5.195000e-03,1,128,0.0670,4.983544e-07,1747258953.315,0.218,0.6425,0.8760,1.2028,True
MultiStage_CPUScreen_GPUFull,2ce8a1ae,20,2,3,6.855472e-03,1,128,0.0670,6.721369e-07,1747258952.988,0.327,0.6785,0.8129,1.1414,True
MultiStage_CPUScreen_GPUFull,2ce8a1ae,20,2,6,5.330936e-03,1,104,0.0749,6.681460e-07,1747258953.778,0.125,0.6590,0.8873,1.0931,True
MultiStage_CPUScreen_GPUFull,2ce8a1ae,20,2,1,5.195000e-03,1,128,0.0000,6.721369e-07,1747258952.670,0.135,0.6510,0.8511,1.0839,False
MultiStage_CPUScreen_GPUFull,2ce8a1ae,20,2,7,5.330936e-03,1,128,0.0000,6.721369e-07,1747258953.903,0.208,0.6720,0.8280,1.0546,False
MultiStage_CPUScreen_GPUFull,2ce8a1ae,20,2,0,5.195000e-03,1,120,0.0670,6.721369e-07,1747258952.435,0.235,0.6595,0.8438,1.0340,False
MultiStage_CPUScreen_GPUFull,2ce8a1ae,20,2,2,1.159366e-03,3,24,0.4146,2.032073e-06,1747258952.805,0.183,0.3790,1.8511,0.1052,False
MultiStage_CPUScreen_GPUFull,ae85eb4c,20,1,4,5.817866e-03,1,80,0.1259,6.926944e-05,1747258953.567,0.126,0.6430,0.8860,1.1766,True
MultiStage_CPUScreen_GPUFull,ae85eb4c,20,1,2,7.283402e-03,2,90,0.0001,6.056448e-05,1747258952.947,0.222,0.6365,0.8513,1.0923,True
MultiStage_CPUScreen_GPUFull,ae85eb4c,20,1,6,5.817866e-03,2,120,0.1731,6.056448e-05,1747258953.906,0.142,0.6515,0.8529,1.0871,True
MultiStage_CPUScreen_GPUFull,ae85eb4c,20,1,3,5.263815e-03,2,90,0.0001,4.743472e-05,1747258953.169,0.398,0.6535,0.8720,1.0452,True
MultiStage_CPUScreen_GPUFull,ae85eb4c,20,1,7,5.263815e-03,2,90,0.0001,5.068040e-05,1747258954.048,0.111,0.6170,0.8996,1.0217,False
MultiStage_CPUScreen_GPUFull,ae85eb4c,20,1,0,5.263815e-03,3,90,0.0001,6.056448e-05,1747258952.435,0.190,0.5855,0.9606,1.0132,False
MultiStage_CPUScreen_GPUFull,ae85eb4c,20,1,1,3.551126e-04,2,30,0.4524,2.386196e-06,1747258952.625,0.322,0.2405,1.8927,0.0380,False
MultiStage_CPUScreen_GPUFull,ae85eb4c,20,1,5,7.048148e-05,3,33,0.3857,3.031489e-06,1747258953.693,0.213,0.4840,1.8428,0.0090,False
MultiStage_CPUScreen_GPUFull,ca9de40a,21,0,5,7.887132e-03,3,80,0.0066,4.919033e-07,1747258985.116,0.257,0.6330,0.8818,1.1135,True
MultiStage_CPUScreen_GPUFull,ca9de40a,21,0,7,7.887132e-03,3,80,0.0000,4.565253e-07,1747258985.534,0.179,0.6635,0.8719,1.0700,True
MultiStage_CPUScreen_GPUFull,ca9de40a,21,0,0,7.887132e-03,3,80,0.0000,5.033674e-07,1747258984.267,0.127,0.6305,0.8873,1.0700,True
MultiStage_CPUScreen_GPUFull,ca9de40a,21,0,4,7.887132e-03,3,80,0.1567,4.565253e-07,1747258984.956,0.161,0.6605,0.8595,1.0654,True
MultiStage_CPUScreen_GPUFull,ca9de40a,21,0,3,6.898493e-03,2,80,0.0000,6.322111e-07,1747258984.816,0.140,0.6790,0.8751,1.0629,False
MultiStage_CPUScreen_GPUFull,ca9de40a,21,0,1,6.898493e-03,2,80,0.0000,7.575145e-07,1747258984.394,0.214,0.6850,0.8403,1.0485,False
MultiStage_CPUScreen_GPUFull,ca9de40a,21,0,2,6.898493e-03,2,80,0.0126,5.743226e-07,1747258984.608,0.209,0.6550,0.8696,1.0339,False
MultiStage_CPUScreen_GPUFull,ca9de40a,21,0,6,3.142571e-04,2,28,0.1058,5.868807e-05,1747258985.373,0.161,0.4135,1.8602,0.0454,False
MultiStage_CPUScreen_GPUFull,2ce8a1ae,21,2,3,5.330936e-03,1,96,0.0670,6.681460e-07,1747258984.836,0.228,0.6335,0.8808,1.2103,True
MultiStage_CPUScreen_GPUFull,2ce8a1ae,21,2,2,3.757288e-03,1,128,0.0000,6.721369e-07,1747258984.653,0.184,0.6365,0.9605,1.1806,True
MultiStage_CPUScreen_GPUFull,2ce8a1ae,21,2,0,5.195000e-03,1,104,0.0670,6.721369e-07,1747258984.267,0.203,0.6360,0.9037,1.1516,True
MultiStage_CPUScreen_GPUFull,2ce8a1ae,21,2,5,5.330936e-03,1,104,0.2159,6.681460e-07,1747258985.253,0.120,0.6410,0.8950,1.1062,True
MultiStage_CPUScreen_GPUFull,2ce8a1ae,21,2,1,5.195000e-03,1,128,0.2319,6.721369e-07,1747258984.470,0.183,0.6655,0.8407,1.0938,False
MultiStage_CPUScreen_GPUFull,2ce8a1ae,21,2,7,5.195000e-03,1,128,0.1187,6.721369e-07,1747258985.587,0.191,0.6710,0.8477,1.0447,False
MultiStage_CPUScreen_GPUFull,2ce8a1ae,21,2,6,6.795396e-04,2,115,0.0687,1.030638e-07,1747258985.373,0.214,0.5570,1.5855,0.3986,False
MultiStage_CPUScreen_GPUFull,2ce8a1ae,21,2,4,4.133198e-05,1,23,0.0586,1.579785e-06,1747258985.064,0.189,0.3110,1.9315,0.0058,False
MultiStage_CPUScreen_GPUFull,ae85eb4c,21,1,3,5.817866e-03,2,136,0.0001,6.056448e-05,1747258984.983,0.339,0.6675,0.8324,1.1217,True
MultiStage_CPUScreen_GPUFull,ae85eb4c,21,1,1,5.263815e-03,2,90,0.0000,6.056448e-05,1747258984.468,0.232,0.6485,0.8922,1.1183,True
MultiStage_CPUScreen_GPUFull,ae85eb4c,21,1,6,5.263815e-03,2,90,0.0001,5.424064e-05,1747258985.810,0.092,0.6820,0.8597,1.1166,True
MultiStage_CPUScreen_GPUFull,ae85eb4c,21,1,5,5.817866e-03,3,120,0.0001,6.056448e-05,1747258985.586,0.224,0.6455,0.8500,1.0931,True
MultiStage_CPUScreen_GPUFull,ae85eb4c,21,1,0,5.817866e-03,2,120,0.0001,5.754718e-05,1747258984.266,0.202,0.6770,0.8716,1.0838,False
MultiStage_CPUScreen_GPUFull,ae85eb4c,21,1,4,5.599836e-03,2,90,0.0001,6.056448e-05,1747258985.321,0.265,0.6365,0.9286,1.0279,False
MultiStage_CPUScreen_GPUFull,ae85eb4c,21,1,2,5.263815e-03,3,90,0.0001,6.056448e-05,1747258984.700,0.282,0.6505,0.9526,1.0027,False
MultiStage_CPUScreen_GPUFull,ae85eb4c,21,1,7,3.317053e-03,2,90,0.0001,6.056448e-05,1747258985.901,0.095,0.6255,1.0000,0.9519,False
MultiStage_CPUScreen_GPUFull,2ce8a1ae,22,2,1,5.330936e-03,1,176,0.0000,6.721369e-07,1747259017.619,0.107,0.6740,0.8174,1.2107,True
MultiStage_CPUScreen_GPUFull,2ce8a1ae,22,2,5,8.856382e-03,1,47,0.2442,7.116040e-07,1747259018.204,0.213,0.6260,0.8863,1.1635,True
MultiStage_CPUScreen_GPUFull,2ce8a1ae,22,2,0,5.609463e-03,1,104,0.0670,6.681460e-07,1747259017.532,0.087,0.6360,0.8660,1.1353,True
MultiStage_CPUScreen_GPUFull,2ce8a1ae,22,2,3,9.739470e-03,1,33,0.4464,1.108985e-05,1747259018.011,0.110,0.6325,0.9162,1.1066,True
MultiStage_CPUScreen_GPUFull,2ce8a1ae,22,2,2,5.330936e-03,1,128,0.0000,6.721369e-07,1747259017.726,0.285,0.6730,0.8419,1.1021,False
MultiStage_CPUScreen_GPUFull,2ce8a1ae,22,2,4,5.330936e-03,1,104,0.0670,4.519346e-07,1747259018.121,0.082,0.6610,0.8766,1.0508,False
MultiStage_CPUScreen_GPUFull,2ce8a1ae,22,2,7,5.330936e-03,1,128,0.0000,4.677177e-07,1747259018.554,0.241,0.6530,0.8299,1.0369,False
MultiStage_CPUScreen_GPUFull,2ce8a1ae,22,2,6,3.235513e-03,1,128,0.0000,6.721369e-07,1747259018.416,0.138,0.6245,1.0135,1.0285,False
MultiStage_CPUScreen_GPUFull,ca9de40a,22,0,6,6.898493e-03,2,80,0.0000,5.743226e-07,1747259018.892,0.083,0.6680,0.8597,1.1166,True
MultiStage_CPUScreen_GPUFull,ca9de40a,22,0,4,9.371905e-03,2,80,0.0000,5.743226e-07,1747259018.497,0.246,0.6415,0.8108,1.1164,True
MultiStage_CPUScreen_GPUFull,ca9de40a,22,0,1,6.898493e-03,2,88,0.0000,5.743226e-07,1747259017.697,0.472,0.6920,0.7876,1.1100,True
MultiStage_CPUScreen_GPUFull,ca9de40a,22,0,3,6.898493e-03,2,80,0.0000,7.981371e-07,1747259018.342,0.155,0.6610,0.8521,1.1036,True
MultiStage_CPUScreen_GPUFull,ca9de40a,22,0,2,6.898493e-03,2,80,0.0000,5.743226e-07,1747259018.169,0.174,0.6900,0.8673,1.0880,False
MultiStage_CPUScreen_GPUFull,ca9de40a,22,0,5,6.898493e-03,2,80,0.0000,5.743226e-07,1747259018.743,0.148,0.6625,0.8621,1.0827,False
MultiStage_CPUScreen_GPUFull,ca9de40a,22,0,7,7.887132e-03,3,56,0.0000,5.033674e-07,1747259018.974,0.094,0.6015,0.9989,0.9673,False
MultiStage_CPUScreen_GPUFull,ca9de40a,22,0,0,4.402186e-05,2,47,0.0940,3.706134e-07,1747259017.531,0.165,0.0260,1.9759,0.0098,False
MultiStage_CPUScreen_GPUFull,ae85eb4c,22,1,2,5.817866e-03,2,120,0.0092,6.056448e-05,1747259017.810,0.089,0.6550,0.8464,1.1318,True
MultiStage_CPUScreen_GPUFull,ae85eb4c,22,1,0,5.817866e-03,2,120,0.0001,3.788102e-05,1747259017.532,0.193,0.6575,0.8391,1.1146,True
MultiStage_CPUScreen_GPUFull,ae85eb4c,22,1,7,6.724148e-03,2,90,0.0001,6.056448e-05,1747259019.124,0.089,0.6810,0.8032,1.0804,True
MultiStage_CPUScreen_GPUFull,ae85eb4c,22,1,1,4.722279e-03,2,90,0.0001,6.056448e-05,1747259017.724,0.085,0.6535,0.9054,1.0579,True
MultiStage_CPUScreen_GPUFull,ae85eb4c,22,1,5,5.263815e-03,2,90,0.1817,6.056448e-05,1747259018.650,0.156,0.6165,0.9123,1.0320,False
MultiStage_CPUScreen_GPUFull,ae85eb4c,22,1,6,5.263815e-03,2,90,0.0540,5.424064e-05,1747259018.806,0.318,0.6450,0.8605,1.0175,False
MultiStage_CPUScreen_GPUFull,ae85eb4c,22,1,3,5.263815e-03,3,90,0.0001,5.424064e-05,1747259017.899,0.566,0.5795,0.9656,0.9459,False
MultiStage_CPUScreen_GPUFull,ae85eb4c,22,1,4,1.317457e-04,1,47,0.2038,7.795398e-06,1747259018.465,0.185,0.0980,1.9805,0.0358,False
MultiStage_CPUScreen_GPUFull,ae85eb4c,23,1,2,5.817866e-03,2,160,0.0092,6.056448e-05,1747259049.250,0.122,0.6895,0.8035,1.2165,True
MultiStage_CPUScreen_GPUFull,ae85eb4c,23,1,1,9.314532e-03,1,84,0.3447,1.617312e-06,1747259049.169,0.081,0.6570,0.8464,1.1761,True
MultiStage_CPUScreen_GPUFull,ae85eb4c,23,1,4,5.817866e-03,1,120,0.0001,6.056448e-05,1747259049.490,0.145,0.6580,0.8636,1.1639,True
MultiStage_CPUScreen_GPUFull,ae85eb4c,23,1,5,5.817866e-03,3,120,0.0092,6.056448e-05,1747259049.634,0.232,0.6430,0.8690,1.0914,True
MultiStage_CPUScreen_GPUFull,ae85eb4c,23,1,0,6.674426e-03,2,120,0.0092,6.056448e-05,1747259048.998,0.171,0.5965,0.8739,1.0285,False
MultiStage_CPUScreen_GPUFull,ae85eb4c,23,1,7,1.829998e-03,1,62,0.2594,6.232287e-05,1747259049.953,0.141,0.5935,1.3817,0.4937,False
MultiStage_CPUScreen_GPUFull,ae85eb4c,23,1,6,7.429690e-04,2,41,0.3765,3.888971e-06,1747259049.866,0.087,0.4810,1.8002,0.1279,False
MultiStage_CPUScreen_GPUFull,ae85eb4c,23,1,3,5.415796e-04,3,31,0.2463,1.616856e-07,1747259049.372,0.118,0.0625,1.8944,0.0602,False
MultiStage_CPUScreen_GPUFull,2ce8a1ae,23,2,2,5.195000e-03,1,128,0.0917,6.721369e-07,1747259049.693,0.144,0.6655,0.8731,1.1595,True
MultiStage_CPUScreen_GPUFull,2ce8a1ae,23,2,5,7.080113e-03,1,128,0.0670,6.721369e-07,1747259050.308,0.122,0.6720,0.8242,1.1388,True
MultiStage_CPUScreen_GPUFull,2ce8a1ae,23,2,1,5.330936e-03,1,104,0.0670,6.681460e-07,1747259049.358,0.335,0.6440,0.8818,1.1071,True
MultiStage_CPUScreen_GPUFull,2ce8a1ae,23,2,3,4.729753e-03,1,128,0.0670,6.721369e-07,1747259049.837,0.348,0.6690,0.8421,0.9806,True
MultiStage_CPUScreen_GPUFull,2ce8a1ae,23,2,4,1.124607e-03,2,71,0.3539,9.668161e-07,1747259050.185,0.123,0.5865,1.6213,0.3394,False
MultiStage_CPUScreen_GPUFull,2ce8a1ae,23,2,7,2.557237e-04,1,105,0.2401,3.009122e-05,1747259050.556,0.142,0.3650,1.8424,0.1234,False
MultiStage_CPUScreen_GPUFull,2ce8a1ae,23,2,6,2.472099e-04,3,79,0.3343,1.616062e-07,1747259050.430,0.126,0.3745,1.8783,0.0606,False
MultiStage_CPUScreen_GPUFull,2ce8a1ae,23,2,0,1.481373e-04,1,37,0.1057,3.451150e-06,1747259048.998,0.360,0.2605,1.8838,0.0293,False
MultiStage_CPUScreen_GPUFull,ca9de40a,23,0,0,1.005728e-02,3,80,0.0000,5.033674e-07,1747259048.998,0.249,0.6615,0.8257,1.1450,True
MultiStage_CPUScreen_GPUFull,ca9de40a,23,0,2,6.320813e-03,2,85,0.1347,1.000633e-06,1747259049.546,0.143,0.6720,0.8511,1.1348,True
MultiStage_CPUScreen_GPUFull,ca9de40a,23,0,1,6.898493e-03,2,80,0.1697,5.743226e-07,1747259049.247,0.298,0.6850,0.8476,1.1334,True
MultiStage_CPUScreen_GPUFull,ca9de40a,23,0,3,7.887132e-03,2,80,0.0000,5.033674e-07,1747259049.689,0.332,0.6620,0.8287,1.1214,True
MultiStage_CPUScreen_GPUFull,ca9de40a,23,0,7,6.459866e-03,3,80,0.0000,5.033674e-07,1747259050.619,0.128,0.6155,0.9657,0.9496,False
MultiStage_CPUScreen_GPUFull,ca9de40a,23,0,5,3.043501e-03,3,23,0.1054,4.312901e-06,1747259050.240,0.166,0.5540,1.4961,0.4794,False
MultiStage_CPUScreen_GPUFull,ca9de40a,23,0,4,1.510426e-03,2,36,0.3108,1.621086e-07,1747259050.021,0.218,0.4930,1.6993,0.3062,False
MultiStage_CPUScreen_GPUFull,ca9de40a,23,0,6,2.937877e-04,1,124,0.1870,5.944664e-06,1747259050.406,0.214,0.5185,1.7502,0.1661,False
MultiStage_CPUScreen_GPUFull,ca9de40a,24,0,5,6.898493e-03,2,104,0.0000,5.743226e-07,1747259083.808,0.195,0.6960,0.8006,1.1625,True
MultiStage_CPUScreen_GPUFull,ca9de40a,24,0,4,8.607964e-03,2,80,0.0000,5.743226e-07,1747259083.671,0.137,0.6765,0.7992,1.1325,True
MultiStage_CPUScreen_GPUFull,ca9de40a,24,0,7,6.898493e-03,2,80,0.0000,5.743226e-07,1747259084.205,0.204,0.6745,0.8619,1.1085,True
MultiStage_CPUScreen_GPUFull,ca9de40a,24,0,1,6.898493e-03,2,80,0.1959,5.743226e-07,1747259083.107,0.089,0.6720,0.8665,1.0713,True
MultiStage_CPUScreen_GPUFull,ca9de40a,24,0,3,5.791030e-03,3,80,0.0000,4.565253e-07,1747259083.409,0.262,0.6650,0.9273,1.0695,False
MultiStage_CPUScreen_GPUFull,ca9de40a,24,0,0,7.887132e-03,3,80,0.0000,6.107786e-07,1747259082.812,0.295,0.6060,0.9455,1.0380,False
MultiStage_CPUScreen_GPUFull,ca9de40a,24,0,2,5.272197e-03,1,62,0.4163,3.592019e-05,1747259083.196,0.213,0.6425,0.9590,0.9746,False
MultiStage_CPUScreen_GPUFull,ca9de40a,24,0,6,5.846054e-05,2,39,0.3084,1.294707e-05,1747259084.003,0.201,0.0335,1.9610,0.0115,False
MultiStage_CPUScreen_GPUFull,2ce8a1ae,24,2,1,5.330936e-03,1,224,0.0000,6.721369e-07,1747259082.992,0.327,0.6715,0.7856,1.1763,True
MultiStage_CPUScreen_GPUFull,2ce8a1ae,24,2,6,4.729753e-03,1,152,0.0670,6.721369e-07,1747259084.055,0.156,0.6415,0.8675,1.1383,True
MultiStage_CPUScreen_GPUFull,2ce8a1ae,24,2,2,4.743662e-03,1,128,0.0670,6.721369e-07,1747259083.319,0.185,0.6530,0.8778,1.1246,True
MultiStage_CPUScreen_GPUFull,2ce8a1ae,24,2,3,5.195000e-03,1,128,0.0670,6.364343e-07,1747259083.504,0.189,0.6380,0.8715,1.0982,True
MultiStage_CPUScreen_GPUFull,2ce8a1ae,24,2,4,5.195000e-03,1,144,0.0670,6.721369e-07,1747259083.693,0.157,0.6655,0.8447,1.0532,False
MultiStage_CPUScreen_GPUFull,2ce8a1ae,24,2,0,5.195000e-03,1,168,0.0670,6.721369e-07,1747259082.813,0.179,0.6655,0.8115,1.0527,False
MultiStage_CPUScreen_GPUFull,2ce8a1ae,24,2,5,7.400157e-03,1,19,0.3386,1.678808e-06,1747259083.850,0.205,0.6240,1.1545,0.7540,False
MultiStage_CPUScreen_GPUFull,2ce8a1ae,24,2,7,1.308709e-04,2,25,0.0552,8.460790e-07,1747259084.211,0.238,0.0875,1.9162,0.0154,False
MultiStage_CPUScreen_GPUFull,ae85eb4c,24,1,3,5.817866e-03,1,120,0.0001,6.056448e-05,1747259083.408,0.176,0.6470,0.8481,1.1686,True
MultiStage_CPUScreen_GPUFull,ae85eb4c,24,1,1,5.263815e-03,2,96,0.0001,6.056448e-05,1747259083.020,0.235,0.6300,0.8809,1.1148,True
MultiStage_CPUScreen_GPUFull,ae85eb4c,24,1,4,5.817866e-03,2,120,0.0000,6.056448e-05,1747259083.584,0.329,0.6820,0.7914,1.0984,True
MultiStage_CPUScreen_GPUFull,ae85eb4c,24,1,0,5.817866e-03,2,120,0.0001,3.925171e-05,1747259082.812,0.208,0.6570,0.8317,1.0888,True
MultiStage_CPUScreen_GPUFull,ae85eb4c,24,1,5,5.263815e-03,2,96,0.0001,6.056448e-05,1747259083.913,0.327,0.6465,0.8858,1.0796,False
MultiStage_CPUScreen_GPUFull,ae85eb4c,24,1,6,5.817866e-03,2,120,0.0000,6.056448e-05,1747259084.240,0.131,0.6390,0.8495,1.0651,False
MultiStage_CPUScreen_GPUFull,ae85eb4c,24,1,7,5.263815e-03,3,90,0.0001,6.056448e-05,1747259084.370,0.159,0.5795,0.9779,0.9941,False
MultiStage_CPUScreen_GPUFull,ae85eb4c,24,1,2,3.623251e-04,1,23,0.4914,7.401457e-07,1747259083.255,0.153,0.0550,2.0344,0.0551,False
MultiStage_CPUScreen_GPUFull,2ce8a1ae,25,2,0,5.330936e-03,2,176,0.0000,6.721369e-07,1747259114.440,0.155,0.6915,0.7721,1.2039,True
MultiStage_CPUScreen_GPUFull,2ce8a1ae,25,2,5,4.463379e-03,1,128,0.0670,6.721369e-07,1747259115.242,0.092,0.6260,0.9051,1.1495,True
MultiStage_CPUScreen_GPUFull,2ce8a1ae,25,2,3,4.729753e-03,1,128,0.0670,7.708108e-07,1747259114.872,0.183,0.6285,0.8664,1.1097,True
MultiStage_CPUScreen_GPUFull,2ce8a1ae,25,2,4,3.502989e-03,1,176,0.0000,6.721369e-07,1747259115.055,0.187,0.6400,0.9083,1.0591,True
MultiStage_CPUScreen_GPUFull,2ce8a1ae,25,2,1,4.729753e-03,1,128,0.0386,6.721369e-07,1747259114.595,0.087,0.6415,0.8710,0.9940,False
MultiStage_CPUScreen_GPUFull,2ce8a1ae,25,2,6,6.571320e-03,3,16,0.4508,1.140527e-06,1747259115.333,0.254,0.4725,1.4226,0.4316,False
MultiStage_CPUScreen_GPUFull,2ce8a1ae,25,2,2,3.791710e-04,1,22,0.1279,1.166296e-07,1747259114.682,0.190,0.1240,1.9789,0.0596,False
MultiStage_CPUScreen_GPUFull,2ce8a1ae,25,2,7,2.770853e-04,3,18,0.4390,1.852653e-05,1747259115.587,0.370,0.0335,2.0581,0.0135,False
MultiStage_CPUScreen_GPUFull,ae85eb4c,25,1,6,5.817866e-03,2,136,0.0001,6.056448e-05,1747259115.824,0.206,0.6275,0.8847,1.0796,True
MultiStage_CPUScreen_GPUFull,ae85eb4c,25,1,5,5.263815e-03,2,96,0.0191,6.056448e-05,1747259115.732,0.092,0.6250,0.8982,1.0570,True
MultiStage_CPUScreen_GPUFull,ae85eb4c,25,1,2,6.801070e-03,1,61,0.3570,4.565201e-06,1747259114.980,0.150,0.6275,0.8996,1.0547,True
MultiStage_CPUScreen_GPUFull,ae85eb4c,25,1,3,5.817866e-03,2,120,0.0001,8.116646e-05,1747259115.129,0.300,0.6450,0.8654,1.0392,True
MultiStage_CPUScreen_GPUFull,ae85eb4c,25,1,4,5.263815e-03,2,96,0.0001,7.578518e-05,1747259115.430,0.302,0.6575,0.8950,1.0142,False
MultiStage_CPUScreen_GPUFull,ae85eb4c,25,1,0,2.040465e-03,1,85,0.3701,6.802208e-06,1747259114.440,0.294,0.5850,1.2746,0.5814,False
MultiStage_CPUScreen_GPUFull,ae85eb4c,25,1,1,7.382429e-04,3,19,0.4458,8.220811e-06,1747259114.735,0.245,0.4885,1.7429,0.0524,False
MultiStage_CPUScreen_GPUFull,ae85eb4c,25,1,7,6.307411e-05,3,125,0.3273,6.948180e-05,1747259116.030,0.162,0.2635,1.9059,0.0287,False
MultiStage_CPUScreen_GPUFull,ca9de40a,25,0,1,6.898493e-03,2,80,0.0000,5.743226e-07,1747259114.760,0.175,0.6535,0.8437,1.1653,True
MultiStage_CPUScreen_GPUFull,ca9de40a,25,0,4,8.441792e-03,3,80,0.0000,4.565253e-07,1747259115.524,0.098,0.6925,0.8096,1.1060,True
MultiStage_CPUScreen_GPUFull,ca9de40a,25,0,3,1.049168e-02,3,80,0.0000,4.565253e-07,1747259115.215,0.308,0.6970,0.7836,1.0944,True
MultiStage_CPUScreen_GPUFull,ca9de40a,25,0,5,1.052962e-02,3,80,0.0000,4.565253e-07,1747259115.622,0.244,0.6695,0.8557,1.0936,True
MultiStage_CPUScreen_GPUFull,ca9de40a,25,0,2,7.887132e-03,3,104,0.0000,4.565253e-07,1747259114.935,0.280,0.6710,0.8491,1.0708,False
MultiStage_CPUScreen_GPUFull,ca9de40a,25,0,0,7.887132e-03,3,80,0.0000,5.705916e-07,1747259114.440,0.321,0.6325,0.8934,1.0357,False
MultiStage_CPUScreen_GPUFull,ca9de40a,25,0,6,7.887132e-03,3,80,0.0000,4.565253e-07,1747259115.866,0.127,0.5830,1.0127,0.9500,False
MultiStage_CPUScreen_GPUFull,ca9de40a,25,0,7,7.426974e-05,1,21,0.0292,7.102736e-05,1747259115.994,0.235,0.4365,1.7774,0.0104,False
MultiStage_CPUScreen_GPUFull,ae85eb4c,26,1,7,5.263815e-03,1,96,0.0001,6.056448e-05,1747259147.077,0.167,0.6425,0.9051,1.1636,True
MultiStage_CPUScreen_GPUFull,ae85eb4c,26,1,6,5.817866e-03,2,120,0.0001,7.499632e-05,1747259146.890,0.187,0.6630,0.8279,1.1605,True
MultiStage_CPUScreen_GPUFull,ae85eb4c,26,1,3,5.817866e-03,2,120,0.0092,7.558280e-05,1747259146.341,0.129,0.6515,0.8405,1.1474,True
MultiStage_CPUScreen_GPUFull,ae85eb4c,26,1,5,5.817866e-03,2,160,0.0001,6.056448e-05,1747259146.596,0.294,0.6860,0.7915,1.1046,True
MultiStage_CPUScreen_GPUFull,ae85eb4c,26,1,4,5.263815e-03,2,96,0.0000,6.056448e-05,1747259146.469,0.127,0.6760,0.8806,1.0720,False
MultiStage_CPUScreen_GPUFull,ae85eb4c,26,1,1,5.817866e-03,2,120,0.1501,6.056448e-05,1747259146.141,0.092,0.6600,0.8959,1.0137,False
MultiStage_CPUScreen_GPUFull,ae85eb4c,26,1,2,5.817866e-03,2,80,0.0092,6.056448e-05,1747259146.233,0.107,0.6520,0.8769,0.9940,False
MultiStage_CPUScreen_GPUFull,ae85eb4c,26,1,0,3.526641e-04,1,54,0.2269,4.356129e-06,1747259145.890,0.251,0.0810,2.0053,0.1140,False
MultiStage_CPUScreen_GPUFull,ca9de40a,26,0,0,6.898493e-03,2,104,0.0000,5.743226e-07,1747259145.891,0.189,0.6875,0.8165,1.1754,True
MultiStage_CPUScreen_GPUFull,ca9de40a,26,0,2,7.887132e-03,3,80,0.0000,5.988329e-07,1747259146.376,0.316,0.6745,0.8171,1.1060,True
MultiStage_CPUScreen_GPUFull,ca9de40a,26,0,7,7.887132e-03,3,80,0.0000,4.565253e-07,1747259147.392,0.214,0.6220,0.8971,1.0535,True
MultiStage_CPUScreen_GPUFull,ca9de40a,26,0,1,6.898493e-03,3,80,0.0000,5.743226e-07,1747259146.080,0.296,0.6870,0.8768,1.0397,True
MultiStage_CPUScreen_GPUFull,ca9de40a,26,0,5,6.898493e-03,2,80,0.0000,5.743226e-07,1747259147.084,0.179,0.6865,0.8104,1.0231,False
MultiStage_CPUScreen_GPUFull,ca9de40a,26,0,6,5.035194e-04,2,110,0.2553,6.120945e-06,1747259147.263,0.129,0.5215,1.6415,0.2959,False
MultiStage_CPUScreen_GPUFull,ca9de40a,26,0,4,7.866696e-05,1,107,0.1161,5.130909e-07,1747259146.798,0.286,0.1190,1.9510,0.0417,False
MultiStage_CPUScreen_GPUFull,ca9de40a,26,0,3,6.180619e-05,3,26,0.0031,1.439240e-06,1747259146.692,0.106,0.3335,1.9067,0.0058,False
MultiStage_CPUScreen_GPUFull,2ce8a1ae,26,2,1,5.330936e-03,1,176,0.0000,8.420953e-07,1747259146.022,0.346,0.6780,0.8043,1.1767,True
MultiStage_CPUScreen_GPUFull,2ce8a1ae,26,2,3,4.729753e-03,1,128,0.0670,7.380973e-07,1747259146.615,0.218,0.6460,0.8854,1.1506,True
MultiStage_CPUScreen_GPUFull,2ce8a1ae,26,2,5,3.502989e-03,1,176,0.1056,6.721369e-07,1747259147.048,0.212,0.6465,0.9177,1.1274,True
MultiStage_CPUScreen_GPUFull,2ce8a1ae,26,2,6,4.729753e-03,1,128,0.0670,6.499779e-07,1747259147.260,0.239,0.6540,0.8628,1.0937,True
MultiStage_CPUScreen_GPUFull,2ce8a1ae,26,2,4,3.502989e-03,1,176,0.1453,6.721369e-07,1747259146.833,0.215,0.6295,0.9089,1.0619,False
MultiStage_CPUScreen_GPUFull,2ce8a1ae,26,2,2,4.729753e-03,1,128,0.0670,8.126591e-07,1747259146.369,0.246,0.6540,0.8583,1.0505,False
MultiStage_CPUScreen_GPUFull,2ce8a1ae,26,2,7,3.502989e-03,1,176,0.0000,9.164360e-07,1747259147.499,0.135,0.6700,0.8956,0.9740,False
MultiStage_CPUScreen_GPUFull,2ce8a1ae,26,2,0,1.034086e-03,3,17,0.0837,6.260260e-07,1747259145.891,0.132,0.4730,1.7981,0.0717,False
MultiStage_CPUScreen_GPUFull,2ce8a1ae,27,2,2,5.541391e-03,1,176,0.0000,6.721369e-07,1747259178.380,0.142,0.6810,0.8009,1.1934,True
MultiStage_CPUScreen_GPUFull,2ce8a1ae,27,2,6,5.330936e-03,1,176,0.1901,6.721369e-07,1747259179.040,0.186,0.6865,0.8383,1.1207,True
MultiStage_CPUScreen_GPUFull,2ce8a1ae,27,2,3,4.729753e-03,1,96,0.0670,6.721369e-07,1747259178.522,0.178,0.6350,0.8979,1.1087,True
MultiStage_CPUScreen_GPUFull,2ce8a1ae,27,2,0,4.729753e-03,1,128,0.0670,4.087486e-07,1747259177.925,0.309,0.6450,0.8540,1.0889,True
MultiStage_CPUScreen_GPUFull,2ce8a1ae,27,2,1,3.502989e-03,1,176,0.0000,6.721369e-07,1747259178.234,0.146,0.6660,0.8680,1.0458,False
MultiStage_CPUScreen_GPUFull,2ce8a1ae,27,2,7,4.729753e-03,1,128,0.0670,6.721369e-07,1747259179.226,0.114,0.6640,0.8594,1.0438,False
MultiStage_CPUScreen_GPUFull,2ce8a1ae,27,2,4,3.217455e-04,1,17,0.1008,2.393161e-06,1747259178.700,0.147,0.2930,1.9451,0.0413,False
MultiStage_CPUScreen_GPUFull,2ce8a1ae,27,2,5,1.871663e-04,3,18,0.0127,9.528046e-06,1747259178.847,0.193,0.0725,1.9999,0.0135,False
MultiStage_CPUScreen_GPUFull,ae85eb4c,27,1,7,4.155603e-03,2,120,0.0001,6.056448e-05,1747259179.135,0.332,0.6405,0.9076,1.0612,True
MultiStage_CPUScreen_GPUFull,ae85eb4c,27,1,6,5.263815e-03,2,96,0.0001,5.562342e-05,1747259178.900,0.234,0.6325,0.9110,1.0518,True
MultiStage_CPUScreen_GPUFull,ae85eb4c,27,1,4,5.263815e-03,2,96,0.0001,3.699617e-05,1747259178.497,0.235,0.6790,0.8423,1.0334,True
MultiStage_CPUScreen_GPUFull,ae85eb4c,27,1,3,3.667801e-03,3,99,0.1593,1.610838e-06,1747259178.279,0.218,0.5045,1.0283,0.8999,True
MultiStage_CPUScreen_GPUFull,ae85eb4c,27,1,5,4.840477e-04,1,24,0.0736,1.333987e-07,1747259178.732,0.169,0.3965,1.8883,0.0811,False
MultiStage_CPUScreen_GPUFull,ae85eb4c,27,1,0,2.041973e-04,3,69,0.4370,1.655634e-05,1747259177.926,0.122,0.2225,1.9051,0.0410,False
MultiStage_CPUScreen_GPUFull,ae85eb4c,27,1,2,6.872947e-05,3,119,0.4231,2.120301e-07,1747259178.138,0.141,0.0655,1.9305,0.0257,False
MultiStage_CPUScreen_GPUFull,ae85eb4c,27,1,1,6.306873e-05,3,95,0.4759,3.230052e-06,1747259178.048,0.090,0.0555,1.9860,0.0185,False
MultiStage_CPUScreen_GPUFull,ca9de40a,27,0,2,6.898493e-03,2,80,0.1137,5.743226e-07,1747259178.655,0.354,0.6710,0.8615,1.1097,True
MultiStage_CPUScreen_GPUFull,ca9de40a,27,0,0,6.898493e-03,2,88,0.0000,5.743226e-07,1747259177.926,0.509,0.6720,0.8256,1.1072,True
MultiStage_CPUScreen_GPUFull,ca9de40a,27,0,1,7.887132e-03,3,72,0.0000,4.565253e-07,1747259178.435,0.220,0.6545,0.8795,1.0768,True
MultiStage_CPUScreen_GPUFull,ca9de40a,27,0,5,6.999354e-03,3,80,0.0000,5.033674e-07,1747259179.418,0.119,0.6430,0.9010,1.0599,True
MultiStage_CPUScreen_GPUFull,ca9de40a,27,0,3,7.887132e-03,3,72,0.0000,5.033674e-07,1747259179.010,0.216,0.6340,0.8984,1.0565,False
MultiStage_CPUScreen_GPUFull,ca9de40a,27,0,7,7.456234e-03,2,80,0.0000,5.743226e-07,1747259179.637,0.082,0.6680,0.8391,1.0552,False
MultiStage_CPUScreen_GPUFull,ca9de40a,27,0,4,3.627360e-04,3,64,0.4544,7.233955e-05,1747259179.226,0.192,0.3620,1.8708,0.0749,False
MultiStage_CPUScreen_GPUFull,ca9de40a,27,0,6,5.894327e-05,3,48,0.0433,4.221197e-07,1747259179.538,0.099,0.4785,1.9342,0.0082,False
MultiStage_CPUScreen_GPUFull,ca9de40a,28,0,3,7.887132e-03,3,80,0.0000,3.127175e-07,1747259211.459,0.084,0.6415,0.8614,1.1020,True
MultiStage_CPUScreen_GPUFull,ca9de40a,28,0,1,7.887132e-03,3,80,0.0310,5.033674e-07,1747259211.284,0.090,0.6490,0.8809,1.0948,True
MultiStage_CPUScreen_GPUFull,ca9de40a,28,0,6,7.887132e-03,3,48,0.0000,4.565253e-07,1747259211.884,0.300,0.6630,0.8714,1.0889,True
MultiStage_CPUScreen_GPUFull,ca9de40a,28,0,0,7.887132e-03,3,80,0.0000,5.033674e-07,1747259210.855,0.430,0.6700,0.8509,1.0274,True
MultiStage_CPUScreen_GPUFull,ca9de40a,28,0,5,7.887132e-03,3,64,0.0000,5.033674e-07,1747259211.747,0.137,0.6040,0.9466,0.9844,False
MultiStage_CPUScreen_GPUFull,ca9de40a,28,0,2,1.659519e-04,2,91,0.4515,8.780050e-05,1747259211.374,0.085,0.3815,1.8937,0.0591,False
MultiStage_CPUScreen_GPUFull,ca9de40a,28,0,4,5.313346e-05,3,68,0.4934,1.060356e-07,1747259211.544,0.203,0.0955,1.9212,0.0096,False
MultiStage_CPUScreen_GPUFull,ca9de40a,28,0,7,7.573533e-05,3,45,0.4907,3.497988e-07,1747259212.184,0.170,0.4900,1.8576,0.0087,False
MultiStage_CPUScreen_GPUFull,ae85eb4c,28,1,6,7.203190e-03,1,116,0.3271,1.914575e-05,1747259211.955,0.266,0.6625,0.8438,1.2301,True
MultiStage_CPUScreen_GPUFull,ae85eb4c,28,1,2,5.817866e-03,2,120,0.0000,6.056448e-05,1747259211.074,0.081,0.6800,0.8219,1.1869,True
MultiStage_CPUScreen_GPUFull,ae85eb4c,28,1,0,5.817866e-03,2,120,0.0092,4.888421e-05,1747259210.854,0.120,0.6550,0.8622,1.1528,True
MultiStage_CPUScreen_GPUFull,ae85eb4c,28,1,1,7.586639e-03,2,120,0.0092,6.056448e-05,1747259210.974,0.100,0.6550,0.8214,1.1472,True
MultiStage_CPUScreen_GPUFull,ae85eb4c,28,1,3,5.817866e-03,2,120,0.1218,6.056448e-05,1747259211.155,0.097,0.6390,0.8415,1.1236,False
MultiStage_CPUScreen_GPUFull,ae85eb4c,28,1,5,5.263815e-03,3,96,0.0001,6.056448e-05,1747259211.706,0.248,0.6380,0.9256,1.0615,False
MultiStage_CPUScreen_GPUFull,ae85eb4c,28,1,7,5.016582e-03,2,96,0.0001,6.056448e-05,1747259212.220,0.155,0.6370,0.8975,0.9871,False
MultiStage_CPUScreen_GPUFull,ae85eb4c,28,1,4,1.779892e-04,2,51,0.4190,1.186617e-05,1747259211.252,0.454,0.0855,1.9629,0.0442,False
MultiStage_CPUScreen_GPUFull,2ce8a1ae,28,2,7,5.330936e-03,1,176,0.0000,6.721369e-07,1747259212.545,0.081,0.6750,0.7901,1.1658,True
MultiStage_CPUScreen_GPUFull,2ce8a1ae,28,2,0,4.729753e-03,1,128,0.0670,6.721369e-07,1747259210.854,0.702,0.6510,0.8971,1.1356,True
MultiStage_CPUScreen_GPUFull,2ce8a1ae,28,2,1,3.502989e-03,2,176,0.0000,6.721369e-07,1747259211.556,0.128,0.6880,0.8251,1.1208,True
MultiStage_CPUScreen_GPUFull,2ce8a1ae,28,2,2,5.330936e-03,1,176,0.0000,7.851366e-07,1747259211.684,0.246,0.6645,0.7995,1.1204,True
MultiStage_CPUScreen_GPUFull,2ce8a1ae,28,2,6,4.729753e-03,1,128,0.0670,6.721369e-07,1747259212.465,0.080,0.6310,0.8705,1.0993,False
MultiStage_CPUScreen_GPUFull,2ce8a1ae,28,2,5,4.729753e-03,2,128,0.0670,6.721369e-07,1747259212.372,0.094,0.6420,0.9016,1.0735,False
MultiStage_CPUScreen_GPUFull,2ce8a1ae,28,2,4,3.502989e-03,1,208,0.0000,6.721369e-07,1747259212.124,0.248,0.6405,0.9037,1.0539,False
MultiStage_CPUScreen_GPUFull,2ce8a1ae,28,2,3,3.987553e-05,2,118,0.3626,9.839030e-07,1747259211.930,0.194,0.3130,1.9098,0.0224,False
