hpo_approach_id,run_id,iteration,config_original_idx,lr,num_layers,hidden_size,dropout_rate,weight_decay,device_used,processing_start_time_abs,processing_duration_s,test_accuracy,train_accuracy,fitness_score
DynamicPull_GPUmicrobatch,c6468262,1,0,3.397413e-03,2,393,0.2518,8.180711e-07,cuda,1747257356.138,4.790,0.7545,0.7634,0.7545
DynamicPull_GPUmicrobatch,c6468262,1,9,8.055615e-03,4,211,0.3880,1.021647e-07,cuda,1747257360.929,3.491,0.7216,0.7266,0.7216
DynamicPull_GPUmicrobatch,c6468262,1,3,1.407350e-04,3,233,0.3618,1.118611e-05,cuda,1747257364.420,3.507,0.7223,0.7204,0.7223
DynamicPull_GPUmicrobatch,c6468262,1,1,1.370410e-04,3,197,0.4934,5.090708e-06,cuda,1747257367.928,3.542,0.7063,0.7040,0.7063
DynamicPull_GPUmicrobatch,c6468262,1,18,1.284717e-03,3,172,0.5241,8.268988e-07,cuda,1747257371.470,3.240,0.7323,0.7384,0.7323
DynamicPull_GPUmicrobatch,c6468262,1,4,2.757865e-03,1,334,0.0215,1.029052e-05,cuda,1747257374.710,3.082,0.7597,0.7648,0.7597
DynamicPull_GPUmicrobatch,c6468262,1,2,5.863270e-05,1,313,0.0435,2.624510e-07,cuda,1747257377.801,2.685,0.6688,0.6774,0.6688
DynamicPull_GPUmicrobatch,c6468262,1,7,1.271631e-03,3,137,0.2947,1.034156e-06,cuda,1747257380.487,3.315,0.7494,0.7542,0.7494
DynamicPull_GPUmicrobatch,c6468262,1,6,4.693691e-04,4,109,0.0708,1.643642e-07,cuda,1747257382.443,3.580,0.7388,0.7488,0.7388
DynamicPull_GPUmicrobatch,c6468262,1,19,4.561714e-05,1,216,0.0896,2.572765e-06,cuda,1747257386.024,2.977,0.6383,0.6400,0.6383
DynamicPull_GPUmicrobatch,c6468262,1,13,4.509405e-04,4,237,0.0946,2.541492e-06,cpu,1747257356.148,36.218,0.7540,0.7490,0.7540
DynamicPull_GPUmicrobatch,c6468262,1,10,2.011568e-04,3,278,0.1892,7.127332e-06,cpu,1747257356.211,36.314,0.7363,0.7250,0.7363
DynamicPull_GPUmicrobatch,c6468262,1,12,5.288289e-03,4,76,0.1489,2.112717e-05,cuda,1747257389.001,4.273,0.7444,0.7532,0.7444
DynamicPull_GPUmicrobatch,c6468262,1,5,7.456490e-04,4,46,0.0235,3.405000e-06,cuda,1747257393.274,3.889,0.7377,0.7494,0.7377
DynamicPull_GPUmicrobatch,c6468262,1,8,1.694032e-04,1,98,0.1270,8.678506e-07,cuda,1747257397.164,2.552,0.6901,0.6986,0.6901
DynamicPull_GPUmicrobatch,c6468262,1,11,1.896111e-03,4,341,0.2406,1.282460e-05,cpu,1747257356.090,46.239,0.7462,0.7480,0.7462
DynamicPull_GPUmicrobatch,c6468262,1,15,3.551972e-04,3,36,0.1619,6.498169e-07,cuda,1747257399.716,2.953,0.7179,0.7158,0.7179
DynamicPull_GPUmicrobatch,c6468262,1,17,7.430490e-03,1,188,0.3159,1.349487e-06,cpu,1747257391.033,13.280,0.7434,0.7474,0.7434
DynamicPull_GPUmicrobatch,c6468262,1,16,7.078974e-05,2,85,0.2673,2.707915e-05,cpu,1747257391.184,13.449,0.6617,0.6618,0.6617
DynamicPull_GPUmicrobatch,c6468262,1,14,4.975751e-03,2,39,0.5638,2.112528e-06,cpu,1747257400.984,4.540,0.7232,0.7220,0.7232
DynamicPull_GPUmicrobatch,c6468262,2,0,1.896111e-03,4,376,0.2406,1.282460e-05,cuda,1747257408.524,5.259,0.7570,0.7760,0.7570
DynamicPull_GPUmicrobatch,c6468262,2,2,4.509405e-04,4,237,0.1184,2.541492e-06,cuda,1747257412.311,3.650,0.7477,0.7492,0.7477
DynamicPull_GPUmicrobatch,c6468262,2,5,4.509405e-04,4,237,0.0946,2.070281e-06,cuda,1747257415.961,3.923,0.7488,0.7580,0.7488
DynamicPull_GPUmicrobatch,c6468262,2,1,4.685167e-03,2,304,0.1365,1.414509e-05,cuda,1747257419.884,3.560,0.7641,0.7850,0.7641
DynamicPull_GPUmicrobatch,c6468262,2,14,3.512997e-04,1,423,0.0128,1.196065e-07,cuda,1747257423.444,2.957,0.7350,0.7378,0.7350
DynamicPull_GPUmicrobatch,c6468262,2,7,3.721109e-03,1,398,0.1846,2.365004e-05,cuda,1747257426.402,3.049,0.7571,0.7596,0.7571
DynamicPull_GPUmicrobatch,c6468262,2,8,1.659622e-03,2,413,0.4548,3.300176e-06,cpu,1747257408.697,26.411,0.7543,0.7524,0.7543
DynamicPull_GPUmicrobatch,c6468262,2,16,9.097539e-03,3,181,0.3129,1.529604e-06,cuda,1747257429.452,4.317,0.7251,0.7260,0.7251
DynamicPull_GPUmicrobatch,c6468262,2,9,8.113206e-05,3,160,0.4848,9.194397e-07,cuda,1747257433.770,3.514,0.6807,0.6886,0.6807
DynamicPull_GPUmicrobatch,c6468262,2,15,1.896111e-03,4,341,0.2536,1.282460e-05,cpu,1747257408.672,35.123,0.7593,0.7584,0.7593
DynamicPull_GPUmicrobatch,c6468262,2,18,6.700749e-03,4,125,0.0507,3.376357e-05,cuda,1747257437.284,5.055,0.7629,0.7776,0.7629
DynamicPull_GPUmicrobatch,c6468262,2,13,1.148741e-03,3,137,0.2947,1.034156e-06,cuda,1747257442.339,3.562,0.7427,0.7448,0.7427
DynamicPull_GPUmicrobatch,c6468262,2,19,2.757865e-03,1,334,0.0215,1.029052e-05,cpu,1747257433.628,12.564,0.7572,0.7560,0.7572
DynamicPull_GPUmicrobatch,c6468262,2,11,2.359511e-03,4,341,0.2406,1.282460e-05,cpu,1747257408.666,39.381,0.7600,0.7584,0.7600
DynamicPull_GPUmicrobatch,c6468262,2,12,1.271631e-03,3,128,0.2947,1.034156e-06,cuda,1747257444.527,3.370,0.7413,0.7510,0.7413
DynamicPull_GPUmicrobatch,c6468262,2,6,4.096171e-04,3,34,0.0482,8.368383e-05,cuda,1747257447.897,3.102,0.7239,0.7296,0.7239
DynamicPull_GPUmicrobatch,c6468262,2,4,4.227912e-03,2,42,0.3343,3.115062e-04,cuda,1747257451.001,3.136,0.7395,0.7438,0.7395
DynamicPull_GPUmicrobatch,c6468262,2,17,5.288289e-03,4,76,0.1489,2.228057e-05,cpu,1747257445.196,12.453,0.7533,0.7562,0.7533
DynamicPull_GPUmicrobatch,c6468262,2,10,1.031525e-04,2,147,0.2714,4.020240e-07,cpu,1747257444.819,13.092,0.7089,0.7058,0.7089
DynamicPull_GPUmicrobatch,c6468262,2,3,1.271631e-03,3,137,0.2947,1.034156e-06,cpu,1747257442.320,17.108,0.7435,0.7428,0.7435
DynamicPull_GPUmicrobatch,c6468262,3,17,2.359511e-03,4,341,0.3330,1.282460e-05,cuda,1747257461.359,5.218,0.7502,0.7420,0.7502
DynamicPull_GPUmicrobatch,c6468262,3,2,3.960944e-05,2,393,0.4689,3.324065e-05,cuda,1747257466.587,3.063,0.6819,0.6706,0.6819
DynamicPull_GPUmicrobatch,c6468262,3,14,3.070689e-04,2,359,0.2694,1.800359e-06,cuda,1747257469.650,3.840,0.7407,0.7302,0.7407
DynamicPull_GPUmicrobatch,c6468262,3,10,2.757865e-03,2,334,0.0215,1.029052e-05,cuda,1747257473.490,3.073,0.7806,0.7722,0.7806
DynamicPull_GPUmicrobatch,c6468262,3,3,4.685167e-03,2,304,0.1365,1.414509e-05,cuda,1747257475.119,3.378,0.7588,0.7612,0.7588
DynamicPull_GPUmicrobatch,c6468262,3,12,4.685167e-03,2,304,0.1203,1.414509e-05,cuda,1747257478.517,4.036,0.7641,0.7626,0.7641
DynamicPull_GPUmicrobatch,c6468262,3,7,6.719019e-05,2,268,0.5178,1.531616e-04,cuda,1747257482.554,3.745,0.6975,0.6808,0.6975
DynamicPull_GPUmicrobatch,c6468262,3,18,3.721109e-03,1,398,0.1846,2.365004e-05,cuda,1747257486.309,3.988,0.7601,0.7504,0.7601
DynamicPull_GPUmicrobatch,c6468262,3,6,1.896111e-03,4,320,0.2536,1.282460e-05,cpu,1747257461.457,32.164,0.7594,0.7552,0.7594
DynamicPull_GPUmicrobatch,c6468262,3,13,3.721109e-03,1,344,0.1846,2.365004e-05,cuda,1747257490.297,2.675,0.7550,0.7460,0.7550
DynamicPull_GPUmicrobatch,c6468262,3,4,1.896111e-03,3,341,0.2536,1.282460e-05,cpu,1747257461.474,35.061,0.7579,0.7596,0.7579
DynamicPull_GPUmicrobatch,c6468262,3,1,7.104999e-04,1,295,0.0201,6.452071e-06,cuda,1747257492.972,2.441,0.7452,0.7330,0.7452
DynamicPull_GPUmicrobatch,c6468262,3,15,4.681214e-03,3,110,0.3684,1.818606e-04,cuda,1747257495.413,3.694,0.7391,0.7354,0.7391
DynamicPull_GPUmicrobatch,c6468262,3,0,3.403632e-03,1,62,0.3141,7.180045e-05,cuda,1747257499.108,2.453,0.7426,0.7368,0.7426
DynamicPull_GPUmicrobatch,c6468262,3,19,2.359511e-03,4,341,0.2823,1.282460e-05,cpu,1747257461.361,42.826,0.7588,0.7620,0.7588
DynamicPull_GPUmicrobatch,c6468262,3,9,4.165021e-03,2,37,0.4661,4.251185e-05,cuda,1747257501.561,3.497,0.7285,0.7176,0.7285
DynamicPull_GPUmicrobatch,c6468262,3,8,1.175011e-03,1,36,0.2500,1.721012e-04,cuda,1747257503.764,2.437,0.7313,0.7124,0.7313
DynamicPull_GPUmicrobatch,c6468262,3,5,6.700749e-03,4,136,0.0507,3.376357e-05,cpu,1747257492.164,17.772,0.7648,0.7654,0.7648
DynamicPull_GPUmicrobatch,c6468262,3,16,4.688775e-03,2,184,0.1688,4.869945e-06,cpu,1747257495.088,15.045,0.7632,0.7676,0.7632
DynamicPull_GPUmicrobatch,c6468262,3,11,1.031585e-04,1,54,0.1656,2.203049e-06,cpu,1747257502.732,7.496,0.6451,0.6446,0.6451
DynamicPull_GPUmicrobatch,c6468262,4,9,2.757865e-03,2,334,0.0215,1.029052e-05,cuda,1747257512.011,4.642,0.7731,0.7838,0.7731
DynamicPull_GPUmicrobatch,c6468262,4,15,4.685167e-03,2,304,0.1203,1.414509e-05,cuda,1747257516.654,3.100,0.7592,0.7674,0.7592
DynamicPull_GPUmicrobatch,c6468262,4,6,4.579101e-05,4,171,0.2282,6.434856e-05,cuda,1747257519.754,4.324,0.6930,0.6824,0.6930
DynamicPull_GPUmicrobatch,c6468262,4,7,4.461246e-03,4,164,0.2265,4.027883e-06,cuda,1747257524.078,3.700,0.7578,0.7546,0.7578
DynamicPull_GPUmicrobatch,c6468262,4,8,4.685167e-03,2,256,0.1203,1.414509e-05,cuda,1747257527.778,3.306,0.7655,0.7640,0.7655
DynamicPull_GPUmicrobatch,c6468262,4,12,4.685167e-03,2,304,0.1203,1.414509e-05,cpu,1747257512.133,20.261,0.7661,0.7742,0.7661
DynamicPull_GPUmicrobatch,c6468262,4,18,3.708824e-03,1,398,0.1846,2.365004e-05,cuda,1747257531.085,2.913,0.7615,0.7634,0.7615
DynamicPull_GPUmicrobatch,c6468262,4,5,2.757865e-03,2,334,0.0215,1.265557e-05,cpu,1747257512.005,24.523,0.7690,0.7818,0.7690
DynamicPull_GPUmicrobatch,c6468262,4,17,2.757865e-03,1,334,0.0215,1.029052e-05,cuda,1747257533.998,2.632,0.7581,0.7514,0.7581
DynamicPull_GPUmicrobatch,c6468262,4,0,4.685167e-03,2,312,0.1203,1.414509e-05,cpu,1747257512.105,25.074,0.7637,0.7710,0.7637
DynamicPull_GPUmicrobatch,c6468262,4,19,4.688775e-03,2,184,0.1688,4.490768e-06,cuda,1747257535.281,3.374,0.7583,0.7580,0.7583
DynamicPull_GPUmicrobatch,c6468262,4,3,4.113444e-04,1,189,0.0934,1.216042e-07,cuda,1747257538.656,2.808,0.7298,0.7264,0.7298
DynamicPull_GPUmicrobatch,c6468262,4,11,2.132878e-04,2,103,0.5900,2.304783e-04,cuda,1747257541.464,3.252,0.6859,0.6696,0.6859
DynamicPull_GPUmicrobatch,c6468262,4,16,3.539855e-04,1,83,0.0466,2.869393e-06,cuda,1747257544.715,2.620,0.7220,0.7138,0.7220
DynamicPull_GPUmicrobatch,c6468262,4,14,7.213563e-03,1,256,0.0001,1.694009e-07,cpu,1747257535.829,13.819,0.7512,0.7542,0.7512
DynamicPull_GPUmicrobatch,c6468262,4,13,9.979666e-05,1,318,0.0140,1.111366e-05,cpu,1747257535.184,14.613,0.6983,0.7014,0.6983
DynamicPull_GPUmicrobatch,c6468262,4,1,1.677231e-03,2,34,0.0177,2.808203e-04,cuda,1747257547.336,2.671,0.7441,0.7412,0.7441
DynamicPull_GPUmicrobatch,c6468262,4,4,6.700749e-03,4,136,0.0507,3.935011e-05,cpu,1747257532.395,21.858,0.7617,0.7692,0.7617
DynamicPull_GPUmicrobatch,c6468262,4,2,1.588826e-03,1,42,0.1433,2.632719e-07,cpu,1747257549.649,3.676,0.7336,0.7254,0.7336
DynamicPull_GPUmicrobatch,c6468262,4,10,2.941614e-04,1,33,0.5927,8.935459e-05,cpu,1747257549.797,4.312,0.6700,0.6670,0.6700
DynamicPull_GPUmicrobatch,c6468262,5,18,2.808496e-04,2,454,0.3175,1.504539e-04,cuda,1747257557.303,4.604,0.7387,0.7332,0.7387
DynamicPull_GPUmicrobatch,c6468262,5,11,2.806449e-03,2,334,0.0215,1.265557e-05,cuda,1747257561.916,2.830,0.7798,0.7876,0.7798
DynamicPull_GPUmicrobatch,c6468262,5,12,2.757865e-03,2,334,0.0215,1.129324e-05,cuda,1747257564.746,3.120,0.7800,0.7792,0.7800
DynamicPull_GPUmicrobatch,c6468262,5,3,4.685167e-03,2,312,0.1203,1.334677e-05,cuda,1747257566.481,3.185,0.7670,0.7688,0.7670
DynamicPull_GPUmicrobatch,c6468262,5,6,3.411993e-03,3,197,0.2953,6.036402e-06,cuda,1747257569.681,3.540,0.7509,0.7512,0.7509
DynamicPull_GPUmicrobatch,c6468262,5,14,5.126993e-03,2,256,0.1203,1.414509e-05,cuda,1747257573.222,3.252,0.7615,0.7668,0.7615
DynamicPull_GPUmicrobatch,c6468262,5,19,4.685167e-03,2,256,0.0000,1.414509e-05,cuda,1747257576.491,3.070,0.7724,0.7770,0.7724
DynamicPull_GPUmicrobatch,c6468262,5,10,2.757865e-03,2,352,0.0215,1.029052e-05,cpu,1747257557.369,26.527,0.7797,0.7796,0.7797
DynamicPull_GPUmicrobatch,c6468262,5,9,6.700749e-03,4,136,0.0811,3.935011e-05,cuda,1747257579.561,3.564,0.7628,0.7632,0.7628
DynamicPull_GPUmicrobatch,c6468262,5,0,4.685167e-03,3,304,0.1203,1.414509e-05,cpu,1747257557.345,29.305,0.7632,0.7718,0.7632
DynamicPull_GPUmicrobatch,c6468262,5,16,1.170838e-04,1,241,0.5266,1.130113e-04,cuda,1747257583.126,2.815,0.6820,0.6816,0.6820
DynamicPull_GPUmicrobatch,c6468262,5,4,2.757865e-03,2,334,0.0215,1.029052e-05,cpu,1747257557.403,31.679,0.7806,0.7750,0.7806
DynamicPull_GPUmicrobatch,c6468262,5,15,9.709881e-03,4,86,0.3518,6.046148e-07,cuda,1747257585.941,3.481,0.7336,0.7250,0.7336
DynamicPull_GPUmicrobatch,c6468262,5,17,1.974971e-04,2,79,0.5355,6.898385e-07,cuda,1747257589.423,2.668,0.6887,0.6834,0.6887
DynamicPull_GPUmicrobatch,c6468262,5,13,2.034651e-03,3,49,0.3112,9.468500e-06,cuda,1747257592.091,2.929,0.7343,0.7306,0.7343
DynamicPull_GPUmicrobatch,c6468262,5,2,4.685167e-03,1,312,0.1203,1.414509e-05,cpu,1747257582.513,12.846,0.7579,0.7548,0.7579
DynamicPull_GPUmicrobatch,c6468262,5,1,1.851553e-03,1,89,0.3486,1.857107e-06,cuda,1747257595.020,2.514,0.7401,0.7352,0.7401
DynamicPull_GPUmicrobatch,c6468262,5,5,1.760013e-03,2,81,0.1667,2.721133e-05,cpu,1747257587.700,12.952,0.7496,0.7414,0.7496
DynamicPull_GPUmicrobatch,c6468262,5,8,3.657541e-04,4,91,0.3761,1.037293e-04,cpu,1747257585.281,15.491,0.7221,0.7166,0.7221
DynamicPull_GPUmicrobatch,c6468262,5,7,1.938603e-04,1,77,0.0127,1.795492e-04,cpu,1747257595.361,5.556,0.6907,0.6906,0.6907
DynamicPull_GPUmicrobatch,c6468262,6,5,2.757865e-03,2,368,0.0215,1.129324e-05,cuda,1747257602.878,4.575,0.7752,0.7734,0.7752
DynamicPull_GPUmicrobatch,c6468262,6,12,2.757865e-03,2,334,0.0215,1.029052e-05,cuda,1747257607.457,2.986,0.7747,0.7726,0.7747
DynamicPull_GPUmicrobatch,c6468262,6,15,2.982129e-03,2,334,0.0215,1.129324e-05,cuda,1747257610.444,3.258,0.7770,0.7764,0.7770
DynamicPull_GPUmicrobatch,c6468262,6,16,2.757865e-03,2,334,0.0215,1.102386e-05,cuda,1747257613.702,3.071,0.7747,0.7744,0.7747
DynamicPull_GPUmicrobatch,c6468262,6,6,1.841749e-04,3,245,0.0043,2.497225e-04,cuda,1747257616.774,4.022,0.7400,0.7264,0.7400
DynamicPull_GPUmicrobatch,c6468262,6,11,4.685167e-03,2,312,0.1203,1.491431e-05,cuda,1747257620.796,3.339,0.7719,0.7612,0.7719
DynamicPull_GPUmicrobatch,c6468262,6,0,2.714522e-03,2,352,0.0215,1.029052e-05,cpu,1747257602.883,22.844,0.7640,0.7702,0.7640
DynamicPull_GPUmicrobatch,c6468262,6,2,2.806449e-03,2,334,0.0122,1.265557e-05,cpu,1747257602.963,24.729,0.7744,0.7692,0.7744
DynamicPull_GPUmicrobatch,c6468262,6,13,3.638298e-05,3,199,0.4279,1.549385e-07,cuda,1747257624.153,3.564,0.6496,0.6434,0.6496
DynamicPull_GPUmicrobatch,c6468262,6,9,2.757865e-03,2,334,0.0072,1.129324e-05,cpu,1747257602.976,26.004,0.7822,0.7866,0.7822
DynamicPull_GPUmicrobatch,c6468262,6,3,5.153237e-03,1,287,0.1749,8.103267e-07,cuda,1747257627.717,2.371,0.7569,0.7488,0.7569
DynamicPull_GPUmicrobatch,c6468262,6,7,5.694916e-05,3,102,0.2715,5.362369e-05,cuda,1747257628.692,3.186,0.6652,0.6646,0.6652
DynamicPull_GPUmicrobatch,c6468262,6,17,6.390001e-05,2,96,0.1123,6.014389e-06,cuda,1747257631.878,2.957,0.6619,0.6530,0.6619
DynamicPull_GPUmicrobatch,c6468262,6,14,6.423415e-05,4,45,0.0098,2.588474e-05,cuda,1747257634.836,4.071,0.6166,0.6162,0.6166
DynamicPull_GPUmicrobatch,c6468262,6,10,4.685167e-03,2,256,0.0000,1.682753e-05,cpu,1747257625.727,17.589,0.7736,0.7830,0.7736
DynamicPull_GPUmicrobatch,c6468262,6,4,1.741757e-04,4,35,0.1941,5.122960e-05,cuda,1747257638.907,3.253,0.6818,0.6750,0.6818
DynamicPull_GPUmicrobatch,c6468262,6,8,4.685167e-03,1,256,0.0000,1.414509e-05,cpu,1747257627.586,16.563,0.7608,0.7632,0.7608
DynamicPull_GPUmicrobatch,c6468262,6,19,1.914801e-04,1,43,0.3638,7.873540e-07,cuda,1747257642.160,2.586,0.6649,0.6584,0.6649
DynamicPull_GPUmicrobatch,c6468262,6,1,3.631725e-04,2,243,0.3764,5.599235e-06,cpu,1747257627.694,19.368,0.7397,0.7266,0.7397
DynamicPull_GPUmicrobatch,c6468262,6,18,3.720405e-05,2,51,0.5410,5.656859e-06,cpu,1747257641.920,4.968,0.4963,0.4934,0.4963
DynamicPull_GPUmicrobatch,c6468262,7,11,2.757865e-03,2,384,0.0072,1.129324e-05,cuda,1747257650.098,4.959,0.7794,0.7842,0.7794
DynamicPull_GPUmicrobatch,c6468262,7,3,2.577397e-03,2,334,0.0215,1.029052e-05,cuda,1747257655.067,2.799,0.7696,0.7840,0.7696
DynamicPull_GPUmicrobatch,c6468262,7,5,2.446621e-03,2,334,0.0215,1.029052e-05,cuda,1747257657.867,3.046,0.7757,0.7840,0.7757
DynamicPull_GPUmicrobatch,c6468262,7,6,2.757865e-03,2,334,0.1169,1.102386e-05,cuda,1747257659.380,3.523,0.7644,0.7762,0.7644
DynamicPull_GPUmicrobatch,c6468262,7,12,2.643773e-03,2,334,0.0215,1.102386e-05,cuda,1747257662.903,3.227,0.7612,0.7728,0.7612
DynamicPull_GPUmicrobatch,c6468262,7,14,3.310751e-03,2,334,0.0122,1.265557e-05,cuda,1747257666.130,3.573,0.7814,0.7800,0.7814
DynamicPull_GPUmicrobatch,c6468262,7,17,2.757865e-03,2,334,0.0072,1.129324e-05,cuda,1747257669.704,3.830,0.7808,0.7818,0.7808
DynamicPull_GPUmicrobatch,c6468262,7,7,8.918000e-04,2,421,0.5873,2.720698e-05,cpu,1747257650.079,25.478,0.7432,0.7530,0.7432
DynamicPull_GPUmicrobatch,c6468262,7,16,9.442175e-05,3,232,0.5789,2.059365e-04,cuda,1747257673.534,3.728,0.6906,0.6844,0.6906
DynamicPull_GPUmicrobatch,c6468262,7,13,2.757865e-03,1,334,0.0215,1.029052e-05,cuda,1747257677.262,3.194,0.7556,0.7592,0.7556
DynamicPull_GPUmicrobatch,c6468262,7,4,1.858094e-04,4,77,0.4105,2.360326e-05,cuda,1747257680.456,3.862,0.6758,0.6720,0.6758
DynamicPull_GPUmicrobatch,c6468262,7,18,2.757865e-03,3,334,0.0215,1.102386e-05,cpu,1747257650.037,36.158,0.7783,0.7728,0.7783
DynamicPull_GPUmicrobatch,c6468262,7,19,2.117163e-03,2,111,0.1040,1.434919e-04,cuda,1747257684.318,3.151,0.7558,0.7596,0.7558
DynamicPull_GPUmicrobatch,c6468262,7,9,1.232548e-04,1,112,0.3965,1.018304e-06,cuda,1747257687.469,3.414,0.6660,0.6594,0.6660
DynamicPull_GPUmicrobatch,c6468262,7,15,2.757865e-03,2,248,0.0215,1.102386e-05,cpu,1747257674.043,18.280,0.7761,0.7890,0.7761
DynamicPull_GPUmicrobatch,c6468262,7,1,6.366548e-05,3,54,0.4386,2.338780e-04,cuda,1747257689.495,3.402,0.5299,0.5258,0.5299
DynamicPull_GPUmicrobatch,c6468262,7,2,1.910272e-04,1,145,0.3450,4.058289e-05,cpu,1747257684.663,11.345,0.6986,0.6862,0.6986
DynamicPull_GPUmicrobatch,c6468262,7,8,4.681224e-04,1,74,0.5896,1.386607e-05,cuda,1747257692.898,3.442,0.7141,0.7080,0.7141
DynamicPull_GPUmicrobatch,c6468262,7,0,1.357533e-04,2,62,0.5281,6.024112e-07,cpu,1747257690.936,6.168,0.6507,0.6522,0.6507
DynamicPull_GPUmicrobatch,c6468262,7,10,1.053883e-04,4,466,0.1714,2.261947e-05,cpu,1747257649.946,51.336,0.7344,0.7332,0.7344
DynamicPull_GPUmicrobatch,c6468262,8,3,2.847607e-03,3,334,0.0215,1.102386e-05,cuda,1747257701.496,4.964,0.7810,0.7966,0.7810
DynamicPull_GPUmicrobatch,c6468262,8,6,2.757865e-03,2,416,0.0072,1.129324e-05,cuda,1747257706.460,3.117,0.7768,0.7892,0.7768
DynamicPull_GPUmicrobatch,c6468262,8,12,2.757865e-03,2,384,0.0072,1.072561e-05,cuda,1747257709.577,2.951,0.7726,0.7808,0.7726
DynamicPull_GPUmicrobatch,c6468262,8,8,3.310751e-03,2,368,0.0122,1.265557e-05,cuda,1747257712.530,3.213,0.7752,0.7914,0.7752
DynamicPull_GPUmicrobatch,c6468262,8,14,1.333750e-04,4,232,0.4071,1.862624e-07,cuda,1747257715.743,3.783,0.7205,0.7176,0.7205
DynamicPull_GPUmicrobatch,c6468262,8,7,1.819831e-04,4,229,0.3680,2.826900e-04,cuda,1747257719.526,3.934,0.7217,0.7254,0.7217
DynamicPull_GPUmicrobatch,c6468262,8,18,3.310751e-03,2,334,0.0122,1.265557e-05,cuda,1747257722.122,2.979,0.7800,0.7874,0.7800
DynamicPull_GPUmicrobatch,c6468262,8,9,2.757865e-03,2,424,0.0072,1.129324e-05,cpu,1747257701.583,26.460,0.7774,0.7796,0.7774
DynamicPull_GPUmicrobatch,c6468262,8,11,2.757865e-03,2,248,0.0000,1.102386e-05,cuda,1747257725.102,3.210,0.7783,0.7864,0.7783
DynamicPull_GPUmicrobatch,c6468262,8,19,2.757865e-03,2,248,0.1275,1.102386e-05,cuda,1747257728.312,3.215,0.7588,0.7744,0.7588
DynamicPull_GPUmicrobatch,c6468262,8,4,2.931795e-03,4,151,0.1040,1.624806e-04,cuda,1747257731.527,3.766,0.7580,0.7656,0.7580
DynamicPull_GPUmicrobatch,c6468262,8,10,2.757865e-03,3,334,0.0000,1.102386e-05,cpu,1747257701.526,36.642,0.7779,0.7944,0.7779
DynamicPull_GPUmicrobatch,c6468262,8,16,2.824407e-04,1,236,0.3481,1.362325e-06,cuda,1747257735.294,3.221,0.7224,0.7242,0.7224
DynamicPull_GPUmicrobatch,c6468262,8,0,8.874253e-05,1,196,0.3839,8.229551e-07,cuda,1747257738.515,2.938,0.6628,0.6650,0.6628
DynamicPull_GPUmicrobatch,c6468262,8,17,4.167324e-04,4,314,0.2825,5.056562e-06,cpu,1747257701.450,41.436,0.7395,0.7586,0.7395
DynamicPull_GPUmicrobatch,c6468262,8,15,5.284497e-03,3,46,0.1936,7.954868e-05,cuda,1747257741.453,3.436,0.7440,0.7490,0.7440
DynamicPull_GPUmicrobatch,c6468262,8,5,1.533024e-03,2,37,0.4228,1.097467e-06,cuda,1747257744.889,3.072,0.7268,0.7286,0.7268
DynamicPull_GPUmicrobatch,c6468262,8,13,2.757865e-03,2,248,0.0215,9.749452e-06,cpu,1747257726.714,21.509,0.7706,0.7788,0.7706
DynamicPull_GPUmicrobatch,c6468262,8,1,1.886428e-03,3,96,0.5821,8.751020e-06,cpu,1747257736.825,12.605,0.7314,0.7298,0.7314
DynamicPull_GPUmicrobatch,c6468262,8,2,5.156021e-05,3,33,0.1856,3.489816e-06,cpu,1747257741.544,8.850,0.5255,0.5240,0.5255
DynamicPull_GPUmicrobatch,c6468262,9,5,2.847607e-03,3,336,0.0215,1.102386e-05,cuda,1747257751.993,4.696,0.7793,0.7894,0.7793
DynamicPull_GPUmicrobatch,c6468262,9,14,2.893923e-03,2,424,0.0072,1.129324e-05,cuda,1747257756.689,3.241,0.7714,0.7882,0.7714
DynamicPull_GPUmicrobatch,c6468262,9,16,2.847607e-03,3,312,0.0215,1.102386e-05,cuda,1747257759.930,3.805,0.7714,0.7822,0.7714
DynamicPull_GPUmicrobatch,c6468262,9,11,2.757865e-03,2,336,0.0072,1.129324e-05,cuda,1747257763.735,3.117,0.7798,0.7944,0.7798
DynamicPull_GPUmicrobatch,c6468262,9,13,3.310751e-03,2,334,0.0000,1.265557e-05,cuda,1747257766.853,2.929,0.7674,0.7816,0.7674
DynamicPull_GPUmicrobatch,c6468262,9,15,4.046730e-03,2,334,0.0122,1.265557e-05,cuda,1747257769.783,3.226,0.7759,0.7832,0.7759
DynamicPull_GPUmicrobatch,c6468262,9,19,2.757865e-03,2,334,0.0000,1.102386e-05,cuda,1747257773.009,2.832,0.7790,0.7846,0.7790
DynamicPull_GPUmicrobatch,c6468262,9,1,2.757865e-03,1,424,0.0072,1.129324e-05,cuda,1747257775.840,2.407,0.7554,0.7600,0.7554
DynamicPull_GPUmicrobatch,c6468262,9,3,2.757865e-03,3,328,0.0000,1.102386e-05,cpu,1747257752.084,28.862,0.7771,0.7822,0.7771
DynamicPull_GPUmicrobatch,c6468262,9,17,5.523974e-03,3,149,0.3043,2.961492e-05,cuda,1747257778.247,3.445,0.7497,0.7530,0.7497
DynamicPull_GPUmicrobatch,c6468262,9,8,2.128710e-03,1,207,0.1435,1.337374e-06,cuda,1747257781.693,2.559,0.7536,0.7586,0.7536
DynamicPull_GPUmicrobatch,c6468262,9,6,2.847607e-03,3,334,0.0215,1.102386e-05,cpu,1747257752.009,35.226,0.7768,0.7852,0.7768
DynamicPull_GPUmicrobatch,c6468262,9,4,3.705435e-05,3,92,0.1119,1.983123e-06,cuda,1747257782.870,3.242,0.6290,0.6338,0.6290
DynamicPull_GPUmicrobatch,c6468262,9,18,5.398255e-05,1,124,0.3845,3.186252e-05,cuda,1747257786.112,2.968,0.6175,0.6236,0.6175
DynamicPull_GPUmicrobatch,c6468262,9,2,7.842760e-04,4,331,0.3707,4.917540e-05,cpu,1747257751.989,38.555,0.7436,0.7422,0.7436
DynamicPull_GPUmicrobatch,c6468262,9,9,9.010350e-04,1,94,0.0266,3.074056e-05,cuda,1747257789.080,2.446,0.7357,0.7416,0.7357
DynamicPull_GPUmicrobatch,c6468262,9,0,1.939464e-04,1,51,0.1472,5.736622e-07,cuda,1747257791.527,2.987,0.6656,0.6780,0.6656
DynamicPull_GPUmicrobatch,c6468262,9,10,4.394398e-05,2,140,0.3453,7.681580e-06,cpu,1747257780.949,14.953,0.6431,0.6448,0.6431
DynamicPull_GPUmicrobatch,c6468262,9,12,3.596334e-03,3,67,0.3889,3.697212e-07,cpu,1747257785.853,10.418,0.7366,0.7434,0.7366
DynamicPull_GPUmicrobatch,c6468262,9,7,5.823736e-05,4,38,0.1838,1.219109e-07,cpu,1747257789.165,8.011,0.4954,0.4946,0.4954
DynamicPull_GPUmicrobatch,c6468262,10,16,2.847607e-03,4,334,0.0215,1.102386e-05,cuda,1747257800.064,5.681,0.7721,0.7774,0.7721
DynamicPull_GPUmicrobatch,c6468262,10,7,2.757865e-03,3,328,0.0205,1.102386e-05,cuda,1747257805.745,4.004,0.7788,0.7796,0.7788
DynamicPull_GPUmicrobatch,c6468262,10,10,2.757865e-03,2,336,0.0072,1.129324e-05,cuda,1747257809.750,3.700,0.7773,0.7878,0.7773
DynamicPull_GPUmicrobatch,c6468262,10,14,3.057992e-03,2,336,0.0072,1.129324e-05,cuda,1747257813.450,3.309,0.7714,0.7890,0.7714
DynamicPull_GPUmicrobatch,c6468262,10,2,4.046730e-03,2,334,0.0000,1.265557e-05,cuda,1747257815.376,2.830,0.7846,0.7980,0.7846
DynamicPull_GPUmicrobatch,c6468262,10,9,4.768769e-03,2,334,0.0122,1.265557e-05,cuda,1747257818.206,3.084,0.7741,0.7800,0.7741
DynamicPull_GPUmicrobatch,c6468262,10,18,2.757865e-03,2,334,0.0000,1.104488e-05,cuda,1747257821.291,3.453,0.7714,0.7764,0.7714
DynamicPull_GPUmicrobatch,c6468262,10,5,2.757865e-03,3,328,0.0000,1.367066e-05,cpu,1747257800.173,27.588,0.7770,0.7848,0.7770
DynamicPull_GPUmicrobatch,c6468262,10,0,8.096990e-03,2,288,0.2954,2.184780e-04,cuda,1747257824.743,2.971,0.7347,0.7408,0.7347
DynamicPull_GPUmicrobatch,c6468262,10,3,9.600383e-05,1,321,0.1811,7.847949e-05,cuda,1747257827.714,2.577,0.6921,0.6968,0.6921
DynamicPull_GPUmicrobatch,c6468262,10,6,2.847607e-03,3,334,0.0765,1.102386e-05,cpu,1747257800.099,32.893,0.7596,0.7712,0.7596
DynamicPull_GPUmicrobatch,c6468262,10,15,1.807218e-04,1,309,0.2890,1.865940e-05,cuda,1747257830.292,2.587,0.7188,0.7232,0.7188
DynamicPull_GPUmicrobatch,c6468262,10,19,2.847607e-03,3,334,0.0215,1.102386e-05,cpu,1747257800.120,34.327,0.7683,0.7812,0.7683
DynamicPull_GPUmicrobatch,c6468262,10,8,7.172049e-04,4,77,0.1419,1.449597e-07,cuda,1747257832.885,3.432,0.7355,0.7426,0.7355
DynamicPull_GPUmicrobatch,c6468262,10,4,4.828824e-03,4,39,0.1574,1.431064e-07,cuda,1747257836.317,3.372,0.7311,0.7346,0.7311
DynamicPull_GPUmicrobatch,c6468262,10,12,1.363501e-03,2,45,0.1240,9.265563e-05,cuda,1747257839.689,2.944,0.7356,0.7404,0.7356
DynamicPull_GPUmicrobatch,c6468262,10,11,6.706428e-04,2,113,0.5323,3.149364e-07,cpu,1747257833.073,12.800,0.7279,0.7288,0.7279
DynamicPull_GPUmicrobatch,c6468262,10,1,9.441718e-03,3,34,0.2104,2.537305e-06,cuda,1747257842.633,3.522,0.7182,0.7228,0.7182
DynamicPull_GPUmicrobatch,c6468262,10,13,8.530536e-03,4,149,0.3690,3.834285e-07,cpu,1747257826.396,20.563,0.7248,0.7282,0.7248
DynamicPull_GPUmicrobatch,c6468262,10,17,3.286558e-04,3,124,0.0143,2.024143e-04,cpu,1747257831.610,15.613,0.7387,0.7454,0.7387
DynamicPull_GPUmicrobatch,c6468262,11,3,2.757865e-03,3,328,0.0205,1.005607e-05,cuda,1747257848.880,5.015,0.7746,0.7754,0.7746
DynamicPull_GPUmicrobatch,c6468262,11,11,2.757865e-03,3,328,0.0126,1.367066e-05,cuda,1747257853.896,3.454,0.7748,0.7750,0.7748
DynamicPull_GPUmicrobatch,c6468262,11,18,2.757865e-03,3,328,0.0205,1.015428e-05,cuda,1747257857.350,3.447,0.7749,0.7752,0.7749
DynamicPull_GPUmicrobatch,c6468262,11,17,4.995517e-03,2,369,0.1349,1.251296e-07,cuda,1747257860.798,3.080,0.7628,0.7566,0.7628
DynamicPull_GPUmicrobatch,c6468262,11,15,4.046730e-03,2,360,0.0000,1.265557e-05,cuda,1747257863.878,3.003,0.7679,0.7726,0.7679
DynamicPull_GPUmicrobatch,c6468262,11,2,4.768769e-03,2,334,0.0000,1.265557e-05,cuda,1747257866.898,3.184,0.7811,0.7900,0.7811
DynamicPull_GPUmicrobatch,c6468262,11,6,4.046730e-03,2,334,0.0000,1.265557e-05,cuda,1747257870.083,2.964,0.7791,0.7772,0.7791
DynamicPull_GPUmicrobatch,c6468262,11,16,3.289246e-03,2,334,0.0000,1.265557e-05,cuda,1747257873.047,2.891,0.7776,0.7798,0.7776
DynamicPull_GPUmicrobatch,c6468262,11,1,4.046730e-03,3,334,0.0000,1.265557e-05,cpu,1747257848.873,29.358,0.7710,0.7892,0.7710
DynamicPull_GPUmicrobatch,c6468262,11,7,6.429272e-05,2,453,0.0232,7.022849e-07,cpu,1747257848.869,30.247,0.7284,0.7238,0.7284
DynamicPull_GPUmicrobatch,c6468262,11,8,2.757865e-03,3,248,0.0205,1.102386e-05,cuda,1747257874.473,3.730,0.7760,0.7764,0.7760
DynamicPull_GPUmicrobatch,c6468262,11,9,8.970863e-03,4,171,0.0130,1.403642e-04,cuda,1747257878.203,4.034,0.7522,0.7536,0.7522
DynamicPull_GPUmicrobatch,c6468262,11,0,1.008064e-03,1,410,0.1506,9.663379e-05,cuda,1747257882.237,2.557,0.7521,0.7428,0.7521
DynamicPull_GPUmicrobatch,c6468262,11,10,5.046702e-04,3,178,0.5330,1.547608e-04,cuda,1747257884.795,3.168,0.7253,0.7176,0.7253
DynamicPull_GPUmicrobatch,c6468262,11,14,2.742238e-03,4,334,0.0215,1.102386e-05,cpu,1747257848.859,42.235,0.7708,0.7792,0.7708
DynamicPull_GPUmicrobatch,c6468262,11,13,3.769967e-05,1,510,0.0113,9.763400e-06,cpu,1747257876.768,13.651,0.6598,0.6662,0.6598
DynamicPull_GPUmicrobatch,c6468262,11,4,4.766200e-03,1,350,0.3108,4.617097e-07,cuda,1747257887.963,2.600,0.7474,0.7456,0.7474
DynamicPull_GPUmicrobatch,c6468262,11,19,9.816540e-05,3,68,0.1970,6.991406e-07,cpu,1747257889.638,5.395,0.6810,0.6774,0.6810
DynamicPull_GPUmicrobatch,c6468262,11,5,7.036254e-04,4,200,0.2411,2.794092e-05,cpu,1747257877.659,17.764,0.7444,0.7408,0.7444
DynamicPull_GPUmicrobatch,c6468262,11,12,3.196748e-04,4,44,0.1272,1.795155e-06,cpu,1747257890.421,6.840,0.7137,0.7134,0.7137
DynamicPull_GPUmicrobatch,c6468262,12,15,3.048771e-03,4,306,0.3567,5.037295e-06,cuda,1747257900.351,5.357,0.7514,0.7396,0.7514
DynamicPull_GPUmicrobatch,c6468262,12,9,4.768769e-03,2,334,0.0000,1.265557e-05,cuda,1747257905.709,3.218,0.7773,0.7760,0.7773
DynamicPull_GPUmicrobatch,c6468262,12,11,3.289246e-03,2,334,0.0000,1.314543e-05,cuda,1747257908.932,3.081,0.7777,0.7802,0.7777
DynamicPull_GPUmicrobatch,c6468262,12,14,4.929388e-03,2,334,0.0000,1.265557e-05,cuda,1747257912.013,3.069,0.7685,0.7728,0.7685
DynamicPull_GPUmicrobatch,c6468262,12,19,3.289246e-03,2,334,0.0000,1.265557e-05,cuda,1747257915.083,2.975,0.7711,0.7630,0.7711
DynamicPull_GPUmicrobatch,c6468262,12,0,2.718222e-03,3,248,0.0205,1.102386e-05,cuda,1747257918.063,3.329,0.7719,0.7684,0.7719
DynamicPull_GPUmicrobatch,c6468262,12,2,2.751039e-03,3,248,0.0205,1.102386e-05,cuda,1747257919.416,3.467,0.7647,0.7648,0.7647
DynamicPull_GPUmicrobatch,c6468262,12,13,2.757865e-03,3,248,0.0672,1.102386e-05,cuda,1747257922.883,3.672,0.7634,0.7646,0.7634
DynamicPull_GPUmicrobatch,c6468262,12,16,1.445169e-03,3,244,0.2667,2.659516e-06,cuda,1747257926.573,3.546,0.7533,0.7442,0.7533
DynamicPull_GPUmicrobatch,c6468262,12,10,2.757865e-03,3,328,0.0126,1.263413e-05,cpu,1747257900.362,32.552,0.7809,0.7822,0.7809
DynamicPull_GPUmicrobatch,c6468262,12,8,1.990268e-03,4,238,0.5007,1.854663e-06,cpu,1747257900.374,34.032,0.7400,0.7570,0.7400
DynamicPull_GPUmicrobatch,c6468262,12,12,1.514857e-03,1,502,0.4297,7.252134e-05,cuda,1747257930.119,2.654,0.7539,0.7378,0.7539
DynamicPull_GPUmicrobatch,c6468262,12,6,2.757865e-03,3,328,0.0205,1.038573e-05,cpu,1747257900.356,36.668,0.7749,0.7824,0.7749
DynamicPull_GPUmicrobatch,c6468262,12,17,4.046730e-03,1,334,0.0000,1.265557e-05,cuda,1747257932.773,2.740,0.7630,0.7488,0.7630
DynamicPull_GPUmicrobatch,c6468262,12,18,4.098599e-03,4,49,0.3386,9.230106e-05,cuda,1747257935.513,3.926,0.7337,0.7158,0.7337
DynamicPull_GPUmicrobatch,c6468262,12,7,3.775535e-04,3,33,0.3761,1.300209e-07,cuda,1747257939.439,3.058,0.7024,0.6836,0.7024
DynamicPull_GPUmicrobatch,c6468262,12,1,8.641810e-05,1,473,0.1974,1.393225e-04,cpu,1747257930.934,14.337,0.7026,0.6954,0.7026
DynamicPull_GPUmicrobatch,c6468262,12,4,3.834033e-04,2,36,0.2186,3.647358e-06,cuda,1747257942.505,2.817,0.7154,0.6976,0.7154
DynamicPull_GPUmicrobatch,c6468262,12,5,1.305964e-04,2,244,0.2447,4.569424e-06,cpu,1747257932.438,14.397,0.7285,0.7352,0.7285
DynamicPull_GPUmicrobatch,c6468262,12,3,7.783176e-05,3,66,0.4655,2.413325e-07,cpu,1747257935.045,12.074,0.5786,0.5778,0.5786
DynamicPull_GPUmicrobatch,c6468262,13,11,2.757865e-03,3,328,0.0126,1.132986e-05,cuda,1747257950.371,5.051,0.7709,0.7790,0.7709
DynamicPull_GPUmicrobatch,c6468262,13,16,2.150608e-03,3,328,0.0126,1.263413e-05,cuda,1747257954.051,3.228,0.7838,0.7924,0.7838
DynamicPull_GPUmicrobatch,c6468262,13,5,4.768769e-03,2,368,0.0000,1.265557e-05,cuda,1747257957.280,3.952,0.7799,0.7920,0.7799
DynamicPull_GPUmicrobatch,c6468262,13,2,2.757865e-03,3,280,0.0205,1.038573e-05,cuda,1747257961.232,3.303,0.7775,0.7898,0.7775
DynamicPull_GPUmicrobatch,c6468262,13,8,3.289246e-03,2,334,0.0000,1.008255e-05,cuda,1747257964.536,2.949,0.7745,0.7788,0.7745
DynamicPull_GPUmicrobatch,c6468262,13,10,5.913808e-03,2,334,0.0000,1.265557e-05,cuda,1747257967.495,3.118,0.7733,0.7866,0.7733
DynamicPull_GPUmicrobatch,c6468262,13,17,3.289246e-03,2,334,0.0000,1.253996e-05,cuda,1747257970.613,3.859,0.7848,0.7882,0.7848
DynamicPull_GPUmicrobatch,c6468262,13,14,4.275990e-05,1,365,0.3926,2.342722e-07,cuda,1747257974.472,2.835,0.6519,0.6500,0.6519
DynamicPull_GPUmicrobatch,c6468262,13,6,2.757865e-03,3,328,0.0205,9.390514e-06,cpu,1747257950.210,31.329,0.7809,0.7920,0.7809
DynamicPull_GPUmicrobatch,c6468262,13,4,1.927142e-03,4,135,0.5332,1.877189e-05,cuda,1747257977.307,3.490,0.7176,0.7166,0.7176
DynamicPull_GPUmicrobatch,c6468262,13,3,2.757865e-03,3,328,0.0126,1.263413e-05,cpu,1747257950.202,31.965,0.7798,0.7836,0.7798
DynamicPull_GPUmicrobatch,c6468262,13,18,2.503607e-03,1,136,0.1247,1.827957e-04,cuda,1747257980.797,2.913,0.7583,0.7564,0.7583
DynamicPull_GPUmicrobatch,c6468262,13,12,8.085755e-05,4,55,0.0877,7.418318e-06,cuda,1747257982.271,3.741,0.6858,0.6818,0.6858
DynamicPull_GPUmicrobatch,c6468262,13,15,2.805727e-03,4,286,0.1483,8.828709e-06,cpu,1747257950.124,40.775,0.7623,0.7624,0.7623
DynamicPull_GPUmicrobatch,c6468262,13,0,3.289246e-03,1,334,0.0000,1.265557e-05,cpu,1747257980.167,9.523,0.7605,0.7656,0.7605
DynamicPull_GPUmicrobatch,c6468262,13,13,1.758318e-04,4,55,0.1995,7.602941e-05,cuda,1747257986.013,3.830,0.7051,0.6978,0.7051
DynamicPull_GPUmicrobatch,c6468262,13,19,5.392340e-03,1,42,0.2520,1.435448e-06,cuda,1747257989.843,3.063,0.7395,0.7440,0.7395
DynamicPull_GPUmicrobatch,c6468262,13,7,2.389987e-03,4,119,0.0693,5.001545e-05,cpu,1747257980.796,16.253,0.7656,0.7632,0.7656
DynamicPull_GPUmicrobatch,c6468262,13,9,7.101396e-05,1,59,0.0169,1.185770e-04,cpu,1747257988.252,7.375,0.6397,0.6354,0.6397
DynamicPull_GPUmicrobatch,c6468262,13,1,7.330856e-05,2,61,0.4048,6.614838e-07,cpu,1747257988.087,7.652,0.6308,0.6298,0.6308
DynamicPull_GPUmicrobatch,c6468262,14,10,2.757865e-03,3,328,0.0257,9.390514e-06,cuda,1747257999.195,5.107,0.7587,0.7678,0.7587
DynamicPull_GPUmicrobatch,c6468262,14,14,2.620616e-03,3,328,0.0126,1.263413e-05,cuda,1747258004.302,4.267,0.7802,0.7888,0.7802
DynamicPull_GPUmicrobatch,c6468262,14,19,2.398574e-03,3,280,0.0205,1.038573e-05,cuda,1747258008.570,3.406,0.7632,0.7706,0.7632
DynamicPull_GPUmicrobatch,c6468262,14,0,3.289246e-03,2,334,0.0000,1.253996e-05,cuda,1747258011.976,3.089,0.7810,0.7990,0.7810
DynamicPull_GPUmicrobatch,c6468262,14,11,3.289246e-03,2,334,0.0000,1.253996e-05,cuda,1747258013.691,2.881,0.7736,0.7818,0.7736
DynamicPull_GPUmicrobatch,c6468262,14,12,3.289246e-03,2,334,0.0000,1.178669e-05,cuda,1747258016.572,3.314,0.7757,0.7938,0.7757
DynamicPull_GPUmicrobatch,c6468262,14,13,2.757865e-03,2,280,0.0205,1.038573e-05,cuda,1747258019.886,3.690,0.7774,0.7916,0.7774
DynamicPull_GPUmicrobatch,c6468262,14,4,2.150608e-03,3,328,0.0126,1.257339e-05,cpu,1747257999.025,27.080,0.7656,0.7704,0.7656
DynamicPull_GPUmicrobatch,c6468262,14,9,8.480646e-05,2,128,0.0457,1.280746e-06,cuda,1747258023.576,2.970,0.7095,0.7012,0.7095
DynamicPull_GPUmicrobatch,c6468262,14,6,2.150608e-03,3,328,0.0000,1.263413e-05,cpu,1747257999.112,29.694,0.7825,0.7938,0.7825
DynamicPull_GPUmicrobatch,c6468262,14,5,2.757865e-03,3,328,0.1125,9.390514e-06,cpu,1747257999.110,29.977,0.7607,0.7706,0.7607
DynamicPull_GPUmicrobatch,c6468262,14,16,1.290890e-03,4,65,0.0083,1.739678e-04,cuda,1747258026.566,3.795,0.7473,0.7488,0.7473
DynamicPull_GPUmicrobatch,c6468262,14,2,9.355187e-03,3,40,0.3837,4.294691e-05,cuda,1747258030.360,3.090,0.7296,0.7250,0.7296
DynamicPull_GPUmicrobatch,c6468262,14,7,1.200440e-04,1,70,0.5686,1.968890e-06,cuda,1747258033.451,2.767,0.6479,0.6446,0.6479
DynamicPull_GPUmicrobatch,c6468262,14,17,5.552366e-05,1,66,0.5904,6.479466e-05,cuda,1747258036.218,2.452,0.5989,0.5954,0.5989
DynamicPull_GPUmicrobatch,c6468262,14,8,6.891180e-03,1,38,0.1983,2.826482e-07,cuda,1747258038.671,2.707,0.7423,0.7402,0.7423
DynamicPull_GPUmicrobatch,c6468262,14,15,5.202477e-05,3,90,0.2647,4.340424e-07,cpu,1747258024.742,17.447,0.6447,0.6568,0.6447
DynamicPull_GPUmicrobatch,c6468262,14,1,4.187455e-04,4,63,0.1564,3.414141e-05,cpu,1747258027.432,16.182,0.7300,0.7286,0.7300
DynamicPull_GPUmicrobatch,c6468262,14,18,8.975544e-05,3,41,0.2122,1.927318e-07,cpu,1747258027.711,16.050,0.5811,0.5828,0.5811
DynamicPull_GPUmicrobatch,c6468262,14,3,1.344685e-03,1,32,0.4471,1.590214e-04,cuda,1747258041.379,2.426,0.7237,0.7250,0.7237
DynamicPull_GPUmicrobatch,c6468262,15,14,2.231166e-03,3,328,0.0126,1.263413e-05,cuda,1747258045.741,5.076,0.7691,0.7868,0.7691
DynamicPull_GPUmicrobatch,c6468262,15,15,2.150608e-03,3,328,0.0000,1.263413e-05,cuda,1747258050.818,3.085,0.7728,0.7832,0.7728
DynamicPull_GPUmicrobatch,c6468262,15,9,1.376097e-04,3,306,0.4641,9.243702e-05,cuda,1747258053.903,4.957,0.7184,0.7160,0.7184
DynamicPull_GPUmicrobatch,c6468262,15,3,3.289246e-03,2,352,0.0000,1.253996e-05,cuda,1747258058.861,3.111,0.7783,0.7904,0.7783
DynamicPull_GPUmicrobatch,c6468262,15,18,8.512174e-04,2,335,0.4523,4.206018e-06,cuda,1747258061.971,3.429,0.7471,0.7404,0.7471
DynamicPull_GPUmicrobatch,c6468262,15,8,3.289246e-03,2,334,0.0846,1.253996e-05,cuda,1747258065.400,4.261,0.7747,0.7782,0.7747
DynamicPull_GPUmicrobatch,c6468262,15,5,2.150608e-03,3,328,0.0000,1.263413e-05,cpu,1747258045.700,26.698,0.7692,0.7780,0.7692
DynamicPull_GPUmicrobatch,c6468262,15,12,3.289246e-03,2,334,0.0000,1.024694e-05,cuda,1747258069.661,2.960,0.7708,0.7858,0.7708
DynamicPull_GPUmicrobatch,c6468262,15,2,2.338590e-03,3,328,0.0126,1.263413e-05,cpu,1747258045.685,29.659,0.7724,0.7782,0.7724
DynamicPull_GPUmicrobatch,c6468262,15,17,3.881621e-03,2,334,0.0000,1.178669e-05,cuda,1747258072.621,2.890,0.7726,0.7836,0.7726
DynamicPull_GPUmicrobatch,c6468262,15,10,2.150608e-03,4,328,0.0000,1.263413e-05,cpu,1747258045.673,29.941,0.7693,0.7772,0.7693
DynamicPull_GPUmicrobatch,c6468262,15,6,2.356442e-04,2,166,0.0149,2.043966e-07,cuda,1747258074.062,2.915,0.7320,0.7366,0.7320
DynamicPull_GPUmicrobatch,c6468262,15,4,4.478850e-04,4,61,0.4666,9.098951e-05,cuda,1747258076.976,3.945,0.6948,0.6946,0.6948
DynamicPull_GPUmicrobatch,c6468262,15,0,1.722930e-03,3,49,0.5750,1.613882e-05,cuda,1747258080.922,3.270,0.7123,0.7136,0.7123
DynamicPull_GPUmicrobatch,c6468262,15,1,1.820273e-04,1,79,0.2690,8.579107e-06,cuda,1747258084.191,2.540,0.6792,0.6788,0.6792
DynamicPull_GPUmicrobatch,c6468262,15,19,4.748146e-05,1,419,0.4843,4.152216e-06,cpu,1747258073.895,15.655,0.6538,0.6536,0.6538
DynamicPull_GPUmicrobatch,c6468262,15,7,1.989013e-04,3,37,0.0984,1.585240e-06,cuda,1747258086.731,3.193,0.7102,0.7056,0.7102
DynamicPull_GPUmicrobatch,c6468262,15,16,3.655706e-05,3,96,0.4857,7.131551e-06,cpu,1747258074.165,17.413,0.5049,0.5114,0.5049
DynamicPull_GPUmicrobatch,c6468262,15,13,3.289246e-03,2,334,0.0000,1.319652e-05,cpu,1747258072.400,21.218,0.7727,0.7776,0.7727
DynamicPull_GPUmicrobatch,c6468262,15,11,7.208669e-05,1,67,0.3693,2.393036e-07,cpu,1747258089.559,2.893,0.6216,0.6212,0.6216
DynamicPull_GPUmicrobatch,c6468262,16,3,3.881621e-03,2,376,0.0000,1.178669e-05,cuda,1747258095.487,4.434,0.7761,0.7884,0.7761
DynamicPull_GPUmicrobatch,c6468262,16,4,2.768920e-03,2,352,0.0000,1.253996e-05,cuda,1747258099.921,2.740,0.7760,0.7832,0.7760
DynamicPull_GPUmicrobatch,c6468262,16,5,3.289246e-03,2,352,0.0000,1.253996e-05,cuda,1747258102.662,3.863,0.7771,0.7916,0.7771
DynamicPull_GPUmicrobatch,c6468262,16,15,3.289246e-03,2,334,0.0239,1.253996e-05,cuda,1747258105.126,3.238,0.7673,0.7844,0.7673
DynamicPull_GPUmicrobatch,c6468262,16,17,3.909300e-03,2,334,0.0000,1.319652e-05,cuda,1747258108.365,2.830,0.7749,0.7918,0.7749
DynamicPull_GPUmicrobatch,c6468262,16,18,4.719648e-03,2,334,0.0000,1.178669e-05,cuda,1747258111.195,3.250,0.7781,0.7894,0.7781
DynamicPull_GPUmicrobatch,c6468262,16,0,2.939454e-03,2,352,0.0000,1.253996e-05,cpu,1747258095.508,22.989,0.7813,0.7940,0.7813
DynamicPull_GPUmicrobatch,c6468262,16,19,2.338590e-03,2,328,0.0126,1.263413e-05,cuda,1747258114.446,3.180,0.7717,0.7844,0.7717
DynamicPull_GPUmicrobatch,c6468262,16,12,6.822797e-03,3,225,0.2293,3.155933e-05,cuda,1747258117.626,3.561,0.7581,0.7706,0.7581
DynamicPull_GPUmicrobatch,c6468262,16,9,2.607876e-04,2,449,0.5943,1.207745e-07,cpu,1747258095.442,30.048,0.7268,0.7336,0.7268
DynamicPull_GPUmicrobatch,c6468262,16,6,7.004729e-04,2,291,0.0544,5.093697e-07,cuda,1747258121.188,3.924,0.7558,0.7710,0.7558
DynamicPull_GPUmicrobatch,c6468262,16,7,2.150608e-03,3,328,0.0000,1.263413e-05,cpu,1747258095.454,33.253,0.7878,0.7954,0.7878
DynamicPull_GPUmicrobatch,c6468262,16,1,7.435020e-05,3,174,0.2313,1.108600e-06,cuda,1747258125.112,2.991,0.7117,0.7162,0.7117
DynamicPull_GPUmicrobatch,c6468262,16,16,6.323637e-04,2,52,0.0223,2.381237e-07,cuda,1747258128.105,3.011,0.7336,0.7376,0.7336
DynamicPull_GPUmicrobatch,c6468262,16,14,3.289246e-03,2,320,0.0000,1.319652e-05,cpu,1747258117.111,16.164,0.7774,0.7890,0.7774
DynamicPull_GPUmicrobatch,c6468262,16,13,8.934417e-04,2,35,0.3424,3.541325e-05,cuda,1747258131.124,3.520,0.7259,0.7282,0.7259
DynamicPull_GPUmicrobatch,c6468262,16,2,8.754269e-03,1,36,0.0766,8.187814e-05,cuda,1747258134.644,2.324,0.7411,0.7562,0.7411
DynamicPull_GPUmicrobatch,c6468262,16,11,1.373895e-03,1,43,0.4633,2.892918e-04,cpu,1747258133.275,7.545,0.7311,0.7326,0.7311
DynamicPull_GPUmicrobatch,c6468262,16,8,2.507926e-03,3,211,0.2513,5.720797e-06,cpu,1747258124.093,16.856,0.7587,0.7568,0.7587
DynamicPull_GPUmicrobatch,c6468262,16,10,3.288205e-03,4,75,0.4934,1.695744e-07,cpu,1747258127.318,13.736,0.7133,0.7210,0.7133
DynamicPull_GPUmicrobatch,c6468262,17,11,3.881621e-03,3,376,0.0000,1.178669e-05,cuda,1747258142.948,4.799,0.7746,0.7904,0.7746
DynamicPull_GPUmicrobatch,c6468262,17,0,2.150608e-03,3,328,0.0413,1.263413e-05,cuda,1747258147.748,4.209,0.7733,0.7868,0.7733
DynamicPull_GPUmicrobatch,c6468262,17,12,2.150608e-03,3,328,0.0000,1.263413e-05,cuda,1747258151.958,2.856,0.7643,0.7782,0.7643
DynamicPull_GPUmicrobatch,c6468262,17,9,1.818776e-03,4,264,0.4878,2.058544e-04,cuda,1747258154.814,4.049,0.7431,0.7498,0.7431
DynamicPull_GPUmicrobatch,c6468262,17,16,3.842416e-03,2,376,0.0000,1.178669e-05,cuda,1747258158.863,2.967,0.7746,0.7870,0.7746
DynamicPull_GPUmicrobatch,c6468262,17,14,4.719648e-03,2,334,0.0000,1.344697e-05,cuda,1747258161.831,3.690,0.7797,0.7830,0.7797
DynamicPull_GPUmicrobatch,c6468262,17,15,4.719648e-03,2,334,0.1067,1.178669e-05,cuda,1747258165.527,3.422,0.7681,0.7780,0.7681
DynamicPull_GPUmicrobatch,c6468262,17,19,5.131758e-03,2,334,0.0000,1.178669e-05,cuda,1747258167.543,2.978,0.7718,0.7854,0.7718
DynamicPull_GPUmicrobatch,c6468262,17,7,2.150608e-03,2,328,0.0000,1.263413e-05,cuda,1747258170.522,3.767,0.7728,0.7858,0.7728
DynamicPull_GPUmicrobatch,c6468262,17,13,8.697110e-04,2,319,0.2242,1.348577e-06,cuda,1747258174.290,3.349,0.7570,0.7586,0.7570
DynamicPull_GPUmicrobatch,c6468262,17,17,2.150608e-03,3,400,0.0000,1.263413e-05,cpu,1747258142.925,38.312,0.7634,0.7658,0.7634
DynamicPull_GPUmicrobatch,c6468262,17,1,1.184261e-04,1,483,0.4696,5.331916e-07,cuda,1747258177.639,3.025,0.7075,0.7014,0.7075
DynamicPull_GPUmicrobatch,c6468262,17,5,4.504307e-05,2,202,0.2889,1.783307e-07,cuda,1747258180.664,3.065,0.6755,0.6748,0.6755
DynamicPull_GPUmicrobatch,c6468262,17,2,1.880160e-04,2,500,0.5917,6.315881e-05,cpu,1747258142.940,42.866,0.7286,0.7218,0.7286
DynamicPull_GPUmicrobatch,c6468262,17,3,1.338678e-03,3,83,0.1662,2.985825e-07,cuda,1747258183.730,3.108,0.7415,0.7456,0.7415
DynamicPull_GPUmicrobatch,c6468262,17,8,7.776598e-03,2,44,0.2651,1.012599e-05,cuda,1747258186.837,2.884,0.7396,0.7458,0.7396
DynamicPull_GPUmicrobatch,c6468262,17,4,2.400450e-03,1,35,0.1891,8.774949e-06,cuda,1747258189.722,2.869,0.7355,0.7392,0.7355
DynamicPull_GPUmicrobatch,c6468262,17,18,2.679665e-03,2,106,0.0897,2.111449e-04,cpu,1747258184.409,10.784,0.7602,0.7550,0.7602
DynamicPull_GPUmicrobatch,c6468262,17,6,2.939454e-03,2,272,0.0000,1.253996e-05,cpu,1747258179.832,15.451,0.7584,0.7608,0.7584
DynamicPull_GPUmicrobatch,c6468262,17,10,1.144091e-04,4,432,0.3629,9.483871e-07,cpu,1747258142.905,53.891,0.7309,0.7246,0.7309
DynamicPull_GPUmicrobatch,c6468262,18,2,7.257424e-05,3,400,0.3643,4.346830e-06,cuda,1747258197.410,5.036,0.7191,0.7268,0.7191
DynamicPull_GPUmicrobatch,c6468262,18,11,3.881621e-03,3,376,0.1229,1.178669e-05,cuda,1747258202.447,3.296,0.7672,0.7738,0.7672
DynamicPull_GPUmicrobatch,c6468262,18,1,2.150608e-03,3,328,0.0413,1.056070e-05,cuda,1747258205.756,4.611,0.7693,0.7848,0.7693
DynamicPull_GPUmicrobatch,c6468262,18,15,4.719648e-03,2,384,0.0000,1.344697e-05,cuda,1747258210.367,3.274,0.7732,0.7906,0.7732
DynamicPull_GPUmicrobatch,c6468262,18,3,3.842416e-03,2,376,0.0000,1.371369e-05,cuda,1747258213.646,3.215,0.7809,0.7894,0.7809
DynamicPull_GPUmicrobatch,c6468262,18,16,3.842416e-03,2,376,0.0000,1.109712e-05,cuda,1747258216.862,4.003,0.7756,0.7922,0.7756
DynamicPull_GPUmicrobatch,c6468262,18,10,2.150608e-03,2,336,0.0000,1.263413e-05,cuda,1747258220.865,3.046,0.7737,0.7874,0.7737
DynamicPull_GPUmicrobatch,c6468262,18,19,4.719648e-03,2,334,0.0000,1.344697e-05,cuda,1747258223.912,3.063,0.7739,0.7860,0.7739
DynamicPull_GPUmicrobatch,c6468262,18,6,3.881621e-03,3,376,0.0000,1.178669e-05,cpu,1747258197.440,31.396,0.7709,0.7670,0.7709
DynamicPull_GPUmicrobatch,c6468262,18,17,3.881621e-03,3,416,0.0000,1.178669e-05,cpu,1747258197.389,32.256,0.7772,0.7872,0.7772
DynamicPull_GPUmicrobatch,c6468262,18,5,4.095468e-05,2,271,0.0667,1.080911e-07,cuda,1747258226.976,3.065,0.6947,0.6958,0.6947
DynamicPull_GPUmicrobatch,c6468262,18,7,6.475664e-05,1,69,0.4120,1.140725e-06,cuda,1747258228.601,3.092,0.6358,0.6414,0.6358
DynamicPull_GPUmicrobatch,c6468262,18,9,2.495819e-03,1,60,0.1413,4.619895e-06,cuda,1747258231.693,2.640,0.7442,0.7534,0.7442
DynamicPull_GPUmicrobatch,c6468262,18,12,2.397048e-04,2,33,0.0115,1.024075e-05,cuda,1747258234.334,3.221,0.7089,0.7138,0.7089
DynamicPull_GPUmicrobatch,c6468262,18,18,3.881621e-03,3,448,0.0000,1.178669e-05,cpu,1747258197.360,43.667,0.7705,0.7754,0.7705
DynamicPull_GPUmicrobatch,c6468262,18,8,6.316429e-05,1,49,0.3722,2.110862e-07,cuda,1747258237.555,2.724,0.5885,0.5860,0.5885
DynamicPull_GPUmicrobatch,c6468262,18,13,3.364350e-05,1,34,0.5215,1.867702e-07,cuda,1747258240.279,2.482,0.5500,0.5410,0.5500
DynamicPull_GPUmicrobatch,c6468262,18,0,1.126351e-03,4,81,0.4595,1.204452e-05,cpu,1747258228.841,16.472,0.7227,0.7124,0.7227
DynamicPull_GPUmicrobatch,c6468262,18,14,4.965438e-04,4,66,0.1734,2.822447e-06,cpu,1747258228.205,16.142,0.7305,0.7320,0.7305
DynamicPull_GPUmicrobatch,c6468262,18,4,3.318059e-05,1,42,0.1008,1.431667e-07,cpu,1747258239.588,5.324,0.4391,0.4452,0.4391
DynamicPull_GPUmicrobatch,c6468262,19,9,3.168847e-03,3,416,0.0000,1.178669e-05,cuda,1747258247.988,4.726,0.7692,0.7772,0.7692
DynamicPull_GPUmicrobatch,c6468262,19,13,3.881621e-03,3,416,0.0000,1.202987e-05,cuda,1747258252.717,3.180,0.7747,0.7844,0.7747
DynamicPull_GPUmicrobatch,c6468262,19,5,8.208034e-05,4,326,0.0832,7.345226e-07,cuda,1747258255.897,4.462,0.7328,0.7358,0.7328
DynamicPull_GPUmicrobatch,c6468262,19,19,3.918307e-04,4,313,0.3052,7.125525e-06,cuda,1747258258.861,3.879,0.7445,0.7452,0.7445
DynamicPull_GPUmicrobatch,c6468262,19,0,2.150608e-03,3,336,0.0000,1.263413e-05,cuda,1747258262.741,3.255,0.7773,0.7872,0.7773
DynamicPull_GPUmicrobatch,c6468262,19,6,4.719648e-03,2,416,0.0000,1.344697e-05,cuda,1747258265.997,2.825,0.7785,0.7840,0.7785
DynamicPull_GPUmicrobatch,c6468262,19,1,4.934125e-03,3,316,0.1742,2.699459e-06,cuda,1747258268.831,3.328,0.7622,0.7696,0.7622
DynamicPull_GPUmicrobatch,c6468262,19,10,4.719648e-03,2,384,0.0000,1.192376e-05,cuda,1747258272.159,3.403,0.7802,0.7974,0.7802
DynamicPull_GPUmicrobatch,c6468262,19,3,3.990936e-03,2,376,0.0000,1.371369e-05,cuda,1747258275.563,2.970,0.7743,0.7892,0.7743
DynamicPull_GPUmicrobatch,c6468262,19,15,3.842416e-03,2,376,0.0000,1.371369e-05,cuda,1747258278.533,3.038,0.7718,0.7872,0.7718
DynamicPull_GPUmicrobatch,c6468262,19,2,3.881621e-03,3,416,0.0000,1.178669e-05,cpu,1747258247.930,35.442,0.7752,0.8004,0.7752
DynamicPull_GPUmicrobatch,c6468262,19,12,4.719648e-03,2,328,0.0000,1.344697e-05,cuda,1747258281.571,3.088,0.7769,0.7938,0.7769
DynamicPull_GPUmicrobatch,c6468262,19,14,5.082485e-04,2,225,0.0217,1.250666e-07,cuda,1747258284.660,2.934,0.7493,0.7526,0.7493
DynamicPull_GPUmicrobatch,c6468262,19,7,6.621645e-04,3,76,0.0436,2.729111e-04,cuda,1747258287.594,3.085,0.7377,0.7426,0.7377
DynamicPull_GPUmicrobatch,c6468262,19,17,2.218621e-04,1,86,0.3297,1.346949e-05,cuda,1747258290.680,2.700,0.7048,0.7024,0.7048
DynamicPull_GPUmicrobatch,c6468262,19,4,1.897919e-04,3,35,0.0776,1.887064e-05,cuda,1747258292.003,3.631,0.7092,0.7110,0.7092
DynamicPull_GPUmicrobatch,c6468262,19,11,3.842416e-03,1,376,0.0000,1.109712e-05,cpu,1747258281.879,17.148,0.7621,0.7800,0.7621
DynamicPull_GPUmicrobatch,c6468262,19,8,8.537524e-05,1,57,0.4720,1.297999e-06,cuda,1747258295.635,2.877,0.6297,0.6272,0.6297
DynamicPull_GPUmicrobatch,c6468262,19,18,5.763659e-03,4,410,0.3049,1.670213e-05,cpu,1747258247.911,54.239,0.7354,0.7466,0.7354
DynamicPull_GPUmicrobatch,c6468262,19,16,1.760906e-04,3,487,0.3096,1.839224e-05,cpu,1747258247.928,54.341,0.7386,0.7436,0.7386
