hpo_approach_id,run_id,iteration,config_original_idx,lr,num_layers,hidden_size,dropout_rate,weight_decay,device_used,processing_start_time_abs,processing_duration_s,test_accuracy,fitness_score,train_accuracy
StaticSplit_GPUx3,7c7346df,1,9,9.546870e-03,2,182,0.0869,1.312180e-07,cuda,1747256176.908,4.694,0.7602,0.7602,N/A
StaticSplit_GPUx3,7c7346df,1,12,1.430854e-02,2,87,0.0165,1.426099e-07,cuda,1747256181.603,2.885,0.7583,0.7583,N/A
StaticSplit_GPUx3,7c7346df,1,15,3.882379e-04,1,73,0.0034,3.914559e-05,cuda,1747256184.488,2.496,0.7229,0.7229,N/A
StaticSplit_GPUx3,7c7346df,1,18,1.467691e-04,2,35,0.2814,1.868821e-05,cuda,1747256186.983,2.660,0.6507,0.6507,N/A
StaticSplit_GPUx3,7c7346df,1,11,4.223940e-04,2,168,0.3613,1.379431e-07,cpu,1747256176.931,14.237,0.7307,0.7307,N/A
StaticSplit_GPUx3,7c7346df,1,14,4.502974e-04,2,130,0.2261,1.096175e-05,cpu,1747256191.168,4.802,0.7339,0.7339,N/A
StaticSplit_GPUx3,7c7346df,1,17,1.588072e-03,3,44,0.2928,5.375739e-07,cpu,1747256195.969,8.355,0.7268,0.7268,N/A
StaticSplit_GPUx3,7c7346df,1,10,1.297111e-02,1,54,0.4200,8.119942e-05,cpu,1747256176.924,11.791,0.7370,0.7370,N/A
StaticSplit_GPUx3,7c7346df,1,13,8.456352e-03,2,32,0.3147,1.461534e-06,cpu,1747256188.715,9.257,0.7318,0.7318,N/A
StaticSplit_GPUx3,7c7346df,1,16,3.276657e-03,2,136,0.2587,3.910739e-05,cpu,1747256197.971,3.782,0.7537,0.7537,N/A
StaticSplit_GPUx3,7c7346df,1,19,3.200274e-03,1,62,0.1889,1.274139e-06,cpu,1747256201.754,3.118,0.7428,0.7428,N/A
StaticSplit_GPUx3,7c7346df,1,0,3.206653e-04,3,113,0.0368,7.524139e-06,cpu,1747256176.889,15.002,0.7332,0.7332,N/A
StaticSplit_GPUx3,7c7346df,1,1,4.921397e-04,3,233,0.2469,1.694029e-06,cpu,1747256191.891,6.046,0.7449,0.7449,N/A
StaticSplit_GPUx3,7c7346df,1,2,1.802224e-02,2,98,0.3419,7.095465e-06,cpu,1747256197.936,4.603,0.7320,0.7320,N/A
StaticSplit_GPUx3,7c7346df,1,3,1.272119e-03,3,63,0.3861,8.894203e-05,cpu,1747256201.486,3.432,0.7330,0.7330,N/A
StaticSplit_GPUx3,7c7346df,1,4,1.075209e-02,1,125,0.3135,2.364413e-07,cpu,1747256204.917,1.619,0.7350,0.7350,N/A
StaticSplit_GPUx3,7c7346df,1,5,2.712042e-02,3,58,0.1051,1.333273e-05,cpu,1747256206.537,2.072,0.7380,0.7380,N/A
StaticSplit_GPUx3,7c7346df,1,6,1.672181e-04,1,49,0.0970,2.252821e-05,cpu,1747256208.608,1.519,0.6627,0.6627,N/A
StaticSplit_GPUx3,7c7346df,1,7,8.049016e-03,1,157,0.1810,1.376358e-07,cpu,1747256210.127,1.598,0.7472,0.7472,N/A
StaticSplit_GPUx3,7c7346df,1,8,8.974667e-04,3,56,0.2709,3.346204e-06,cpu,1747256211.726,2.039,0.7297,0.7297,N/A
StaticSplit_GPUx3,7c7346df,2,10,1.528392e-04,3,72,0.0438,1.441667e-06,cuda,1747256216.805,4.493,0.7240,0.7240,N/A
StaticSplit_GPUx3,7c7346df,2,13,1.309767e-03,2,35,0.0990,1.174861e-06,cuda,1747256221.298,2.763,0.7369,0.7369,N/A
StaticSplit_GPUx3,7c7346df,2,16,3.787337e-04,1,35,0.4280,9.135667e-05,cuda,1747256224.061,2.394,0.6999,0.6999,N/A
StaticSplit_GPUx3,7c7346df,2,19,3.276657e-03,2,136,0.2587,3.878542e-05,cuda,1747256226.455,3.132,0.7531,0.7531,N/A
StaticSplit_GPUx3,7c7346df,2,11,3.130434e-03,3,175,0.0398,1.992538e-07,cpu,1747256216.916,17.962,0.7628,0.7628,N/A
StaticSplit_GPUx3,7c7346df,2,14,8.049016e-03,1,157,0.1810,1.504080e-07,cpu,1747256233.799,4.105,0.7494,0.7494,N/A
StaticSplit_GPUx3,7c7346df,2,17,4.235887e-04,2,112,0.4351,3.761205e-06,cpu,1747256237.904,4.738,0.7254,0.7254,N/A
StaticSplit_GPUx3,7c7346df,2,9,5.870621e-03,2,186,0.4185,3.105393e-07,cpu,1747256216.721,16.262,0.7372,0.7372,N/A
StaticSplit_GPUx3,7c7346df,2,12,5.011795e-03,2,127,0.2970,1.264641e-05,cpu,1747256232.982,3.989,0.7460,0.7460,N/A
StaticSplit_GPUx3,7c7346df,2,15,1.430854e-02,2,87,0.0165,1.769106e-07,cpu,1747256235.893,5.086,0.7598,0.7598,N/A
StaticSplit_GPUx3,7c7346df,2,18,2.081345e-02,1,144,0.3994,3.802590e-05,cpu,1747256240.979,3.026,0.7302,0.7302,N/A
StaticSplit_GPUx3,7c7346df,2,0,1.430854e-02,2,87,0.0165,1.409999e-07,cpu,1747256216.714,13.608,0.7600,0.7600,N/A
StaticSplit_GPUx3,7c7346df,2,1,1.111339e-04,1,99,0.0941,2.327657e-05,cpu,1747256230.323,3.114,0.6593,0.6593,N/A
StaticSplit_GPUx3,7c7346df,2,2,9.546870e-03,2,182,0.0869,1.059281e-07,cpu,1747256233.437,8.023,0.7630,0.7630,N/A
StaticSplit_GPUx3,7c7346df,2,3,2.859557e-04,3,65,0.1146,9.174090e-06,cpu,1747256240.382,3.386,0.7291,0.7291,N/A
StaticSplit_GPUx3,7c7346df,2,4,8.049016e-03,1,157,0.1810,1.166646e-07,cpu,1747256243.768,1.667,0.7627,0.7627,N/A
StaticSplit_GPUx3,7c7346df,2,5,1.154218e-02,2,182,0.0869,1.312180e-07,cpu,1747256245.435,2.170,0.7576,0.7576,N/A
StaticSplit_GPUx3,7c7346df,2,6,9.546870e-03,2,182,0.1208,1.312180e-07,cpu,1747256247.605,2.145,0.7670,0.7670,N/A
StaticSplit_GPUx3,7c7346df,2,7,9.546870e-03,2,182,0.0869,1.312180e-07,cpu,1747256249.751,2.160,0.7537,0.7537,N/A
StaticSplit_GPUx3,7c7346df,2,8,4.921397e-04,3,233,0.2469,1.597032e-06,cpu,1747256251.911,2.955,0.7401,0.7401,N/A
StaticSplit_GPUx3,7c7346df,3,11,3.130434e-03,3,160,0.0398,1.992538e-07,cuda,1747256257.899,4.665,0.7695,0.7695,N/A
StaticSplit_GPUx3,7c7346df,3,14,1.025151e-02,2,182,0.0869,1.059281e-07,cuda,1747256262.564,2.976,0.7499,0.7499,N/A
StaticSplit_GPUx3,7c7346df,3,17,9.546870e-03,2,182,0.1208,1.312180e-07,cuda,1747256264.455,2.737,0.7656,0.7656,N/A
StaticSplit_GPUx3,7c7346df,3,10,8.049016e-03,1,168,0.1810,1.166646e-07,cpu,1747256257.833,12.154,0.7512,0.7512,N/A
StaticSplit_GPUx3,7c7346df,3,13,1.633146e-02,2,87,0.0165,1.769106e-07,cpu,1747256268.902,3.871,0.7566,0.7566,N/A
StaticSplit_GPUx3,7c7346df,3,16,1.430854e-02,2,87,0.0165,1.769106e-07,cpu,1747256272.773,4.427,0.7521,0.7521,N/A
StaticSplit_GPUx3,7c7346df,3,19,1.085837e-02,2,87,0.0165,1.409999e-07,cpu,1747256277.200,3.476,0.7582,0.7582,N/A
StaticSplit_GPUx3,7c7346df,3,9,4.224260e-04,1,73,0.3089,1.849619e-06,cpu,1747256257.830,11.848,0.7151,0.7151,N/A
StaticSplit_GPUx3,7c7346df,3,12,1.104199e-03,2,103,0.2796,3.608632e-07,cpu,1747256268.593,6.432,0.7439,0.7439,N/A
StaticSplit_GPUx3,7c7346df,3,15,5.815565e-04,1,59,0.4503,1.237474e-05,cpu,1747256275.025,4.521,0.7190,0.7190,N/A
StaticSplit_GPUx3,7c7346df,3,18,3.142410e-02,2,200,0.2557,1.362569e-07,cpu,1747256279.546,2.791,0.6811,0.6811,N/A
StaticSplit_GPUx3,7c7346df,3,0,5.241211e-04,1,51,0.0684,1.531541e-07,cpu,1747256257.769,10.877,0.7225,0.7225,N/A
StaticSplit_GPUx3,7c7346df,3,1,1.430854e-02,2,87,0.0165,1.534825e-07,cpu,1747256267.561,4.830,0.7625,0.7625,N/A
StaticSplit_GPUx3,7c7346df,3,2,1.130759e-02,2,87,0.0165,1.409999e-07,cpu,1747256272.391,5.185,0.7722,0.7722,N/A
StaticSplit_GPUx3,7c7346df,3,3,1.020659e-04,3,32,0.4321,7.341726e-07,cpu,1747256277.576,5.434,0.5757,0.5757,N/A
StaticSplit_GPUx3,7c7346df,3,4,1.940920e-02,2,96,0.3286,1.440378e-05,cpu,1747256283.010,1.888,0.7227,0.7227,N/A
StaticSplit_GPUx3,7c7346df,3,5,3.992386e-03,3,217,0.2224,1.152383e-07,cpu,1747256284.898,2.798,0.7571,0.7571,N/A
StaticSplit_GPUx3,7c7346df,3,6,3.888478e-04,2,218,0.4114,9.244912e-06,cpu,1747256287.696,2.195,0.7352,0.7352,N/A
StaticSplit_GPUx3,7c7346df,3,7,1.296701e-03,3,110,0.4262,2.037945e-07,cpu,1747256289.891,2.257,0.7335,0.7335,N/A
StaticSplit_GPUx3,7c7346df,3,8,9.546870e-03,2,182,0.0288,1.312180e-07,cpu,1747256292.148,2.071,0.7518,0.7518,N/A
StaticSplit_GPUx3,7c7346df,4,11,1.262202e-02,2,87,0.0165,1.409999e-07,cuda,1747256296.265,4.304,0.7602,0.7602,N/A
StaticSplit_GPUx3,7c7346df,4,14,3.084704e-04,1,35,0.2731,1.670634e-06,cuda,1747256300.569,2.804,0.6938,0.6938,N/A
StaticSplit_GPUx3,7c7346df,4,17,2.335533e-04,2,219,0.2153,1.001586e-05,cuda,1747256303.373,2.722,0.7294,0.7294,N/A
StaticSplit_GPUx3,7c7346df,4,10,1.085837e-02,2,104,0.0165,1.409999e-07,cpu,1747256296.254,11.052,0.7630,0.7630,N/A
StaticSplit_GPUx3,7c7346df,4,13,9.339012e-03,3,121,0.2181,1.367700e-05,cpu,1747256307.307,5.073,0.7422,0.7422,N/A
StaticSplit_GPUx3,7c7346df,4,16,1.130759e-02,2,80,0.0165,1.409999e-07,cpu,1747256312.380,4.050,0.7560,0.7560,N/A
StaticSplit_GPUx3,7c7346df,4,19,9.546870e-03,2,160,0.1208,1.312180e-07,cpu,1747256316.429,5.917,0.7459,0.7459,N/A
StaticSplit_GPUx3,7c7346df,4,9,1.130759e-02,2,87,0.0165,1.409999e-07,cpu,1747256296.157,13.112,0.7640,0.7640,N/A
StaticSplit_GPUx3,7c7346df,4,12,4.183018e-04,1,36,0.0841,1.694398e-06,cpu,1747256309.269,7.621,0.7123,0.7123,N/A
StaticSplit_GPUx3,7c7346df,4,15,1.085837e-02,2,87,0.0165,1.241589e-07,cpu,1747256316.890,4.485,0.7549,0.7549,N/A
StaticSplit_GPUx3,7c7346df,4,18,1.130759e-02,2,87,0.0483,1.409999e-07,cpu,1747256321.375,2.447,0.7611,0.7611,N/A
StaticSplit_GPUx3,7c7346df,4,0,1.085837e-02,2,87,0.0165,1.466371e-07,cpu,1747256296.113,13.340,0.7658,0.7658,N/A
StaticSplit_GPUx3,7c7346df,4,1,2.203541e-03,3,63,0.2200,1.339899e-05,cpu,1747256309.453,2.904,0.7437,0.7437,N/A
StaticSplit_GPUx3,7c7346df,4,2,1.071946e-04,2,148,0.3874,1.416495e-06,cpu,1747256312.356,4.386,0.7041,0.7041,N/A
StaticSplit_GPUx3,7c7346df,4,3,1.757653e-02,1,253,0.3271,8.706791e-07,cpu,1747256316.742,5.198,0.7388,0.7388,N/A
StaticSplit_GPUx3,7c7346df,4,4,1.999234e-02,1,136,0.3360,6.587951e-07,cpu,1747256321.940,2.321,0.7356,0.7356,N/A
StaticSplit_GPUx3,7c7346df,4,5,7.603609e-04,2,144,0.3608,4.876776e-07,cpu,1747256324.260,2.008,0.7361,0.7361,N/A
StaticSplit_GPUx3,7c7346df,4,6,4.591971e-03,3,217,0.2224,1.152383e-07,cpu,1747256326.268,2.873,0.7547,0.7547,N/A
StaticSplit_GPUx3,7c7346df,4,7,9.546870e-03,2,182,0.1208,1.312180e-07,cpu,1747256328.072,2.114,0.7542,0.7542,N/A
StaticSplit_GPUx3,7c7346df,4,8,2.592048e-02,1,93,0.4117,3.462797e-07,cpu,1747256330.186,1.564,0.7323,0.7323,N/A
StaticSplit_GPUx3,7c7346df,5,0,1.085837e-02,2,96,0.0165,1.409999e-07,cuda,1747256334.709,4.371,0.7627,0.7627,N/A
StaticSplit_GPUx3,7c7346df,5,1,8.552007e-03,2,87,0.0165,1.466371e-07,cuda,1747256339.079,2.556,0.7685,0.7685,N/A
StaticSplit_GPUx3,7c7346df,5,2,1.085837e-02,2,104,0.0165,1.556235e-07,cuda,1747256341.635,2.825,0.7590,0.7590,N/A
StaticSplit_GPUx3,7c7346df,5,3,1.390157e-03,1,96,0.3280,2.698050e-07,cuda,1747256344.460,2.426,0.7375,0.7375,N/A
StaticSplit_GPUx3,7c7346df,5,4,1.345657e-02,3,130,0.0436,2.857313e-07,cuda,1747256346.886,3.369,0.7555,0.7555,N/A
StaticSplit_GPUx3,7c7346df,5,5,3.234660e-03,2,48,0.0899,1.444059e-05,cuda,1747256350.256,2.605,0.7504,0.7504,N/A
StaticSplit_GPUx3,7c7346df,5,6,5.244815e-04,2,177,0.4783,5.312556e-05,cuda,1747256352.861,2.852,0.7293,0.7293,N/A
StaticSplit_GPUx3,7c7346df,5,7,1.262202e-02,2,87,0.1018,1.409999e-07,cuda,1747256355.713,2.764,0.7555,0.7555,N/A
StaticSplit_GPUx3,7c7346df,5,8,1.104397e-02,3,155,0.1251,2.206388e-06,cuda,1747256357.330,3.817,0.7526,0.7526,N/A
StaticSplit_GPUx3,7c7346df,5,11,8.154373e-04,2,159,0.2768,3.190485e-06,cpu,1747256334.819,18.391,0.7471,0.7471,N/A
StaticSplit_GPUx3,7c7346df,5,14,1.126534e-02,2,87,0.0165,1.466371e-07,cpu,1747256353.209,10.317,0.7648,0.7648,N/A
StaticSplit_GPUx3,7c7346df,5,17,2.574770e-04,3,99,0.3239,1.183715e-06,cpu,1747256362.379,5.635,0.7240,0.7240,N/A
StaticSplit_GPUx3,7c7346df,5,9,5.141210e-03,1,103,0.2954,8.647748e-05,cpu,1747256334.773,11.653,0.7524,0.7524,N/A
StaticSplit_GPUx3,7c7346df,5,12,1.262202e-02,1,87,0.0165,1.409999e-07,cpu,1747256346.426,8.885,0.7498,0.7498,N/A
StaticSplit_GPUx3,7c7346df,5,15,4.804893e-04,2,247,0.0868,7.946866e-05,cpu,1747256355.311,11.928,0.7468,0.7468,N/A
StaticSplit_GPUx3,7c7346df,5,18,1.130759e-02,2,64,0.0165,1.409999e-07,cpu,1747256366.091,3.250,0.7577,0.7577,N/A
StaticSplit_GPUx3,7c7346df,5,10,1.615228e-03,2,36,0.4665,6.225671e-07,cpu,1747256334.777,17.284,0.7251,0.7251,N/A
StaticSplit_GPUx3,7c7346df,5,13,1.085837e-02,2,87,0.0165,1.466371e-07,cpu,1747256352.061,11.531,0.7543,0.7543,N/A
StaticSplit_GPUx3,7c7346df,5,16,1.130759e-02,2,80,0.0165,1.420514e-07,cpu,1747256362.444,5.878,0.7668,0.7668,N/A
StaticSplit_GPUx3,7c7346df,5,19,1.085837e-02,2,104,0.0165,1.533086e-07,cpu,1747256368.323,2.275,0.7516,0.7516,N/A
StaticSplit_GPUx3,7c7346df,6,10,2.868228e-02,1,56,0.2047,2.506769e-05,cuda,1747256373.746,3.875,0.7389,0.7389,N/A
StaticSplit_GPUx3,7c7346df,6,13,1.160304e-04,3,89,0.3077,9.335798e-06,cuda,1747256377.621,3.136,0.6969,0.6969,N/A
StaticSplit_GPUx3,7c7346df,6,16,8.552007e-03,2,87,0.0165,1.210110e-07,cuda,1747256380.757,2.891,0.7579,0.7579,N/A
StaticSplit_GPUx3,7c7346df,6,19,1.130759e-02,2,88,0.0165,1.420514e-07,cuda,1747256383.648,2.491,0.7561,0.7561,N/A
StaticSplit_GPUx3,7c7346df,6,11,1.130759e-02,2,64,0.0165,1.409999e-07,cpu,1747256373.787,13.425,0.7572,0.7572,N/A
StaticSplit_GPUx3,7c7346df,6,14,1.085837e-02,1,96,0.0165,1.409999e-07,cpu,1747256387.212,3.357,0.7531,0.7531,N/A
StaticSplit_GPUx3,7c7346df,6,17,1.291211e-03,2,112,0.1283,1.327814e-06,cpu,1747256389.413,5.041,0.7473,0.7473,N/A
StaticSplit_GPUx3,7c7346df,6,9,3.116364e-02,2,36,0.4766,9.937091e-06,cpu,1747256373.723,16.718,0.7020,0.7020,N/A
StaticSplit_GPUx3,7c7346df,6,12,1.937066e-02,3,54,0.2088,7.982233e-05,cpu,1747256389.286,4.860,0.7213,0.7213,N/A
StaticSplit_GPUx3,7c7346df,6,15,1.126534e-02,2,80,0.0165,1.466371e-07,cpu,1747256394.145,2.420,0.7641,0.7641,N/A
StaticSplit_GPUx3,7c7346df,6,18,7.618254e-04,2,37,0.2511,9.665769e-07,cpu,1747256396.566,1.920,0.7317,0.7317,N/A
StaticSplit_GPUx3,7c7346df,6,0,1.130759e-02,2,80,0.0165,1.133038e-07,cpu,1747256373.685,13.465,0.7566,0.7566,N/A
StaticSplit_GPUx3,7c7346df,6,1,2.178561e-02,2,175,0.2783,1.221025e-05,cpu,1747256387.150,5.211,0.7145,0.7145,N/A
StaticSplit_GPUx3,7c7346df,6,2,1.104396e-02,2,72,0.3172,1.163386e-06,cpu,1747256391.206,4.042,0.7397,0.7397,N/A
StaticSplit_GPUx3,7c7346df,6,3,2.327279e-02,1,148,0.0474,2.892212e-06,cpu,1747256395.248,1.819,0.7333,0.7333,N/A
StaticSplit_GPUx3,7c7346df,6,4,8.552007e-03,2,87,0.0165,1.466371e-07,cpu,1747256397.067,2.114,0.7644,0.7644,N/A
StaticSplit_GPUx3,7c7346df,6,5,8.970985e-03,2,64,0.0165,1.409999e-07,cpu,1747256399.182,1.902,0.7655,0.7655,N/A
StaticSplit_GPUx3,7c7346df,6,6,8.552007e-03,1,87,0.0165,1.466371e-07,cpu,1747256401.084,1.669,0.7444,0.7444,N/A
StaticSplit_GPUx3,7c7346df,6,7,2.131510e-02,3,57,0.4367,2.549345e-05,cpu,1747256402.752,2.151,0.7155,0.7155,N/A
StaticSplit_GPUx3,7c7346df,6,8,8.584397e-03,2,80,0.0165,1.420514e-07,cpu,1747256404.903,1.797,0.7675,0.7675,N/A
StaticSplit_GPUx3,7c7346df,7,10,5.014220e-04,1,238,0.0666,2.291828e-06,cuda,1747256409.718,4.119,0.7363,0.7363,N/A
StaticSplit_GPUx3,7c7346df,7,13,8.552007e-03,2,87,0.0000,1.210110e-07,cuda,1747256413.837,2.582,0.7665,0.7665,N/A
StaticSplit_GPUx3,7c7346df,7,16,8.584397e-03,2,80,0.0165,1.420514e-07,cuda,1747256416.419,2.747,0.7641,0.7641,N/A
StaticSplit_GPUx3,7c7346df,7,19,1.188785e-02,3,70,0.4018,1.228136e-06,cuda,1747256419.166,2.944,0.7327,0.7327,N/A
StaticSplit_GPUx3,7c7346df,7,11,5.335102e-04,1,92,0.4260,2.262125e-06,cpu,1747256409.754,13.192,0.7221,0.7221,N/A
StaticSplit_GPUx3,7c7346df,7,14,3.577508e-04,2,165,0.1783,7.904275e-06,cpu,1747256421.773,5.169,0.7361,0.7361,N/A
StaticSplit_GPUx3,7c7346df,7,17,1.077266e-04,1,75,0.4694,4.197478e-06,cpu,1747256426.942,3.461,0.6608,0.6608,N/A
StaticSplit_GPUx3,7c7346df,7,9,2.806712e-04,2,32,0.4801,3.573921e-05,cpu,1747256409.666,16.130,0.6629,0.6629,N/A
StaticSplit_GPUx3,7c7346df,7,12,8.196257e-03,1,166,0.4031,9.559660e-05,cpu,1747256424.623,3.315,0.7460,0.7460,N/A
StaticSplit_GPUx3,7c7346df,7,15,8.584397e-03,2,80,0.0165,1.420514e-07,cpu,1747256427.938,3.314,0.7590,0.7590,N/A
StaticSplit_GPUx3,7c7346df,7,18,1.126534e-02,1,80,0.0165,1.466371e-07,cpu,1747256431.252,1.829,0.7536,0.7536,N/A
StaticSplit_GPUx3,7c7346df,7,0,1.234484e-04,2,182,0.2771,1.098482e-05,cpu,1747256409.664,15.233,0.7165,0.7165,N/A
StaticSplit_GPUx3,7c7346df,7,1,3.222820e-04,2,43,0.4554,8.019196e-05,cpu,1747256423.724,6.765,0.6942,0.6942,N/A
StaticSplit_GPUx3,7c7346df,7,2,8.552007e-03,2,72,0.0165,1.210110e-07,cpu,1747256430.489,2.467,0.7525,0.7525,N/A
StaticSplit_GPUx3,7c7346df,7,3,7.424237e-03,2,64,0.0165,1.409999e-07,cpu,1747256432.957,2.251,0.7598,0.7598,N/A
StaticSplit_GPUx3,7c7346df,7,4,2.270505e-03,3,208,0.4927,5.194557e-05,cpu,1747256435.207,2.708,0.7369,0.7369,N/A
StaticSplit_GPUx3,7c7346df,7,5,1.012679e-02,2,87,0.0165,1.466371e-07,cpu,1747256437.916,1.889,0.7581,0.7581,N/A
StaticSplit_GPUx3,7c7346df,7,6,1.126534e-02,1,80,0.0165,1.466371e-07,cpu,1747256439.805,1.571,0.7481,0.7481,N/A
StaticSplit_GPUx3,7c7346df,7,7,8.552007e-03,2,72,0.0165,1.466371e-07,cpu,1747256441.376,1.931,0.7625,0.7625,N/A
StaticSplit_GPUx3,7c7346df,7,8,8.584397e-03,2,80,0.0165,1.335511e-07,cpu,1747256443.307,1.828,0.7606,0.7606,N/A
StaticSplit_GPUx3,7c7346df,8,11,8.552007e-03,2,80,0.0000,1.210110e-07,cuda,1747256448.151,4.078,0.7605,0.7605,N/A
StaticSplit_GPUx3,7c7346df,8,14,7.987203e-04,2,57,0.1459,2.380753e-06,cuda,1747256451.054,2.659,0.7356,0.7356,N/A
StaticSplit_GPUx3,7c7346df,8,17,1.954750e-02,2,38,0.4222,1.280925e-05,cuda,1747256453.713,2.756,0.7185,0.7185,N/A
StaticSplit_GPUx3,7c7346df,8,10,8.584397e-03,2,80,0.0165,1.106633e-07,cpu,1747256448.129,11.040,0.7613,0.7613,N/A
StaticSplit_GPUx3,7c7346df,8,13,7.424237e-03,1,64,0.0165,1.409999e-07,cpu,1747256457.994,3.940,0.7585,0.7585,N/A
StaticSplit_GPUx3,7c7346df,8,16,3.097597e-02,2,172,0.1248,2.330180e-07,cpu,1747256461.934,8.564,0.7153,0.7153,N/A
StaticSplit_GPUx3,7c7346df,8,19,6.620521e-03,1,121,0.2074,7.898598e-06,cpu,1747256470.498,5.366,0.7553,0.7553,N/A
StaticSplit_GPUx3,7c7346df,8,9,8.471163e-04,2,56,0.1330,3.020201e-07,cpu,1747256448.067,12.252,0.7324,0.7324,N/A
StaticSplit_GPUx3,7c7346df,8,12,8.584397e-03,2,72,0.0165,1.420514e-07,cpu,1747256459.143,5.366,0.7649,0.7649,N/A
StaticSplit_GPUx3,7c7346df,8,15,8.584397e-03,2,80,0.0165,1.335511e-07,cpu,1747256464.509,7.509,0.7644,0.7644,N/A
StaticSplit_GPUx3,7c7346df,8,18,5.559990e-03,2,39,0.1892,1.818926e-07,cpu,1747256472.018,5.242,0.7446,0.7446,N/A
StaticSplit_GPUx3,7c7346df,8,0,8.868823e-04,1,241,0.0612,2.294539e-05,cpu,1747256448.050,11.377,0.7460,0.7460,N/A
StaticSplit_GPUx3,7c7346df,8,1,8.552007e-03,2,87,0.0000,1.210110e-07,cpu,1747256458.251,5.530,0.7601,0.7601,N/A
StaticSplit_GPUx3,7c7346df,8,2,1.377595e-02,1,46,0.1653,7.724364e-05,cpu,1747256463.781,7.156,0.7467,0.7467,N/A
StaticSplit_GPUx3,7c7346df,8,3,9.300284e-03,2,72,0.0165,1.466371e-07,cpu,1747256470.938,5.580,0.7595,0.7595,N/A
StaticSplit_GPUx3,7c7346df,8,4,8.584397e-03,2,96,0.0165,1.335511e-07,cpu,1747256476.518,2.292,0.7627,0.7627,N/A
StaticSplit_GPUx3,7c7346df,8,5,8.552007e-03,1,72,0.0165,1.466371e-07,cpu,1747256478.810,1.745,0.7483,0.7483,N/A
StaticSplit_GPUx3,7c7346df,8,6,1.285191e-04,1,127,0.4506,2.628905e-07,cpu,1747256480.556,1.787,0.6652,0.6652,N/A
StaticSplit_GPUx3,7c7346df,8,7,8.584397e-03,2,80,0.0165,1.765553e-07,cpu,1747256482.343,1.962,0.7502,0.7502,N/A
StaticSplit_GPUx3,7c7346df,8,8,7.965832e-03,3,157,0.4918,1.236331e-05,cpu,1747256483.130,2.696,0.7384,0.7384,N/A
StaticSplit_GPUx3,7c7346df,9,10,1.260651e-04,1,32,0.1916,6.030749e-05,cuda,1747256489.326,4.199,0.6383,0.6383,N/A
StaticSplit_GPUx3,7c7346df,9,13,8.641006e-03,2,80,0.0165,1.106633e-07,cuda,1747256493.525,2.852,0.7653,0.7653,N/A
StaticSplit_GPUx3,7c7346df,9,16,8.584397e-03,2,96,0.0165,1.474527e-07,cuda,1747256496.377,3.059,0.7637,0.7637,N/A
StaticSplit_GPUx3,7c7346df,9,19,1.066360e-03,3,170,0.3590,1.255572e-06,cuda,1747256499.437,3.107,0.7384,0.7384,N/A
StaticSplit_GPUx3,7c7346df,9,11,8.552007e-03,2,80,0.1175,1.210110e-07,cpu,1747256489.366,15.703,0.7636,0.7636,N/A
StaticSplit_GPUx3,7c7346df,9,14,2.332098e-02,3,155,0.0246,2.521028e-05,cpu,1747256505.068,5.688,0.7372,0.7372,N/A
StaticSplit_GPUx3,7c7346df,9,17,1.605489e-04,3,78,0.2060,2.160402e-05,cpu,1747256510.756,5.191,0.7105,0.7105,N/A
StaticSplit_GPUx3,7c7346df,9,9,8.584397e-03,2,80,0.0165,1.106633e-07,cpu,1747256489.298,16.078,0.7583,0.7583,N/A
StaticSplit_GPUx3,7c7346df,9,12,9.832953e-03,2,72,0.0165,1.420514e-07,cpu,1747256505.376,4.823,0.7612,0.7612,N/A
StaticSplit_GPUx3,7c7346df,9,15,1.471386e-02,3,222,0.2025,1.901680e-06,cpu,1747256510.199,6.929,0.7346,0.7346,N/A
StaticSplit_GPUx3,7c7346df,9,18,8.723052e-03,2,46,0.0261,1.744268e-07,cpu,1747256515.736,2.352,0.7659,0.7659,N/A
StaticSplit_GPUx3,7c7346df,9,0,1.507321e-04,3,77,0.0714,6.789221e-07,cpu,1747256489.265,16.652,0.7199,0.7199,N/A
StaticSplit_GPUx3,7c7346df,9,1,2.048497e-03,3,43,0.3923,1.072173e-06,cpu,1747256505.917,9.184,0.7255,0.7255,N/A
StaticSplit_GPUx3,7c7346df,9,2,1.009946e-04,3,150,0.3919,6.689896e-06,cpu,1747256513.709,4.401,0.7037,0.7037,N/A
StaticSplit_GPUx3,7c7346df,9,3,8.584397e-03,2,72,0.0165,1.420514e-07,cpu,1747256518.110,2.133,0.7616,0.7616,N/A
StaticSplit_GPUx3,7c7346df,9,4,1.053496e-02,2,96,0.0165,1.335511e-07,cpu,1747256520.243,2.199,0.7635,0.7635,N/A
StaticSplit_GPUx3,7c7346df,9,5,8.121184e-03,2,96,0.0165,1.335511e-07,cpu,1747256522.442,4.081,0.7629,0.7629,N/A
StaticSplit_GPUx3,7c7346df,9,6,4.776556e-03,2,114,0.0181,3.522974e-05,cpu,1747256526.523,2.228,0.7637,0.7637,N/A
StaticSplit_GPUx3,7c7346df,9,7,8.584397e-03,1,80,0.0165,1.335511e-07,cpu,1747256528.752,1.607,0.7590,0.7590,N/A
StaticSplit_GPUx3,7c7346df,9,8,8.552007e-03,2,87,0.0000,1.508743e-07,cpu,1747256530.359,1.768,0.7593,0.7593,N/A
StaticSplit_GPUx3,7c7346df,10,9,8.552007e-03,2,88,0.1175,1.210110e-07,cuda,1747256535.451,4.304,0.7546,0.7546,N/A
StaticSplit_GPUx3,7c7346df,10,12,4.776556e-03,2,112,0.0181,3.522974e-05,cuda,1747256539.755,3.101,0.7508,0.7508,N/A
StaticSplit_GPUx3,7c7346df,10,15,2.820155e-02,3,61,0.3048,3.802957e-06,cuda,1747256542.856,2.875,0.7000,0.7000,N/A
StaticSplit_GPUx3,7c7346df,10,18,4.075835e-03,2,200,0.0453,1.763484e-07,cuda,1747256544.611,2.815,0.7687,0.7687,N/A
StaticSplit_GPUx3,7c7346df,10,11,1.842688e-04,3,41,0.3281,4.115594e-05,cpu,1747256535.494,16.494,0.6779,0.6779,N/A
StaticSplit_GPUx3,7c7346df,10,14,1.449166e-04,2,58,0.2856,1.132052e-05,cpu,1747256550.868,3.822,0.6874,0.6874,N/A
StaticSplit_GPUx3,7c7346df,10,17,8.723052e-03,2,46,0.1197,1.744268e-07,cpu,1747256554.690,4.246,0.7453,0.7453,N/A
StaticSplit_GPUx3,7c7346df,10,10,8.723052e-03,2,46,0.0261,1.744268e-07,cpu,1747256535.465,14.332,0.7599,0.7599,N/A
StaticSplit_GPUx3,7c7346df,10,13,8.723052e-03,2,32,0.0261,1.744268e-07,cpu,1747256548.676,8.595,0.7507,0.7507,N/A
StaticSplit_GPUx3,7c7346df,10,16,8.723052e-03,2,48,0.0261,1.744268e-07,cpu,1747256557.271,2.974,0.7547,0.7547,N/A
StaticSplit_GPUx3,7c7346df,10,19,1.303416e-04,2,62,0.1168,1.538590e-06,cpu,1747256560.245,1.950,0.6837,0.6837,N/A
StaticSplit_GPUx3,7c7346df,10,0,1.021132e-02,2,80,0.1175,1.210110e-07,cpu,1747256535.427,14.407,0.7561,0.7561,N/A
StaticSplit_GPUx3,7c7346df,10,1,4.776556e-03,3,114,0.0181,3.522974e-05,cpu,1747256548.713,4.640,0.7698,0.7698,N/A
StaticSplit_GPUx3,7c7346df,10,2,1.473899e-02,3,143,0.1137,1.731908e-06,cpu,1747256553.353,5.618,0.7418,0.7418,N/A
StaticSplit_GPUx3,7c7346df,10,3,2.891168e-02,1,34,0.0253,2.186710e-05,cpu,1747256558.971,2.031,0.7340,0.7340,N/A
StaticSplit_GPUx3,7c7346df,10,4,1.053496e-02,2,96,0.0430,1.335511e-07,cpu,1747256561.002,2.063,0.7504,0.7504,N/A
StaticSplit_GPUx3,7c7346df,10,5,6.955263e-04,1,40,0.4582,2.540980e-05,cpu,1747256563.065,1.497,0.7198,0.7198,N/A
StaticSplit_GPUx3,7c7346df,10,6,3.316335e-03,3,40,0.3529,9.408995e-06,cpu,1747256564.562,2.024,0.7313,0.7313,N/A
StaticSplit_GPUx3,7c7346df,10,7,5.223417e-03,3,172,0.0941,4.466384e-07,cpu,1747256566.586,2.538,0.7650,0.7650,N/A
StaticSplit_GPUx3,7c7346df,10,8,9.808310e-03,2,46,0.0261,1.744268e-07,cpu,1747256569.125,1.755,0.7513,0.7513,N/A
StaticSplit_GPUx3,7c7346df,11,11,1.163538e-02,3,110,0.3746,2.640906e-05,cuda,1747256573.931,4.855,0.7294,0.7294,N/A
StaticSplit_GPUx3,7c7346df,11,14,8.723052e-03,2,48,0.0261,1.568607e-07,cuda,1747256577.662,2.768,0.7474,0.7474,N/A
StaticSplit_GPUx3,7c7346df,11,17,4.776556e-03,3,114,0.0181,4.061089e-05,cuda,1747256580.430,2.911,0.7632,0.7632,N/A
StaticSplit_GPUx3,7c7346df,11,9,1.533670e-03,2,62,0.3722,2.613158e-05,cpu,1747256573.863,13.440,0.7353,0.7353,N/A
StaticSplit_GPUx3,7c7346df,11,12,4.776556e-03,3,114,0.0181,3.522974e-05,cpu,1747256586.178,5.185,0.7678,0.7678,N/A
StaticSplit_GPUx3,7c7346df,11,15,2.899890e-02,1,44,0.2140,4.843980e-06,cpu,1747256591.363,4.038,0.7277,0.7277,N/A
StaticSplit_GPUx3,7c7346df,11,18,1.820429e-02,2,55,0.0890,8.935270e-05,cpu,1747256595.402,4.797,0.7462,0.7462,N/A
StaticSplit_GPUx3,7c7346df,11,10,1.021132e-02,2,80,0.1175,1.145612e-07,cpu,1747256573.923,12.005,0.7476,0.7476,N/A
StaticSplit_GPUx3,7c7346df,11,13,2.159702e-04,2,43,0.4768,5.768984e-07,cpu,1747256584.803,6.415,0.6732,0.6732,N/A
StaticSplit_GPUx3,7c7346df,11,16,5.223417e-03,3,172,0.0000,4.466384e-07,cpu,1747256591.219,6.670,0.7687,0.7687,N/A
StaticSplit_GPUx3,7c7346df,11,19,2.136914e-04,3,140,0.1768,3.087687e-05,cpu,1747256597.888,3.604,0.7285,0.7285,N/A
StaticSplit_GPUx3,7c7346df,11,0,1.311813e-04,2,40,0.1628,2.491802e-06,cpu,1747256573.807,11.764,0.6523,0.6523,N/A
StaticSplit_GPUx3,7c7346df,11,1,8.723052e-03,2,48,0.0261,1.744268e-07,cpu,1747256584.446,3.683,0.7544,0.7544,N/A
StaticSplit_GPUx3,7c7346df,11,2,2.937398e-03,1,143,0.2937,4.064130e-06,cpu,1747256588.129,4.061,0.7457,0.7457,N/A
StaticSplit_GPUx3,7c7346df,11,3,5.223417e-03,3,172,0.0941,4.005807e-07,cpu,1747256592.190,8.374,0.7542,0.7542,N/A
StaticSplit_GPUx3,7c7346df,11,4,9.975864e-03,3,155,0.3231,4.916069e-07,cpu,1747256600.565,2.895,0.7316,0.7316,N/A
StaticSplit_GPUx3,7c7346df,11,5,5.157083e-03,3,114,0.0181,3.522974e-05,cpu,1747256603.459,2.300,0.7652,0.7652,N/A
StaticSplit_GPUx3,7c7346df,11,6,4.075835e-03,1,200,0.0453,1.763484e-07,cpu,1747256605.760,1.673,0.7597,0.7597,N/A
StaticSplit_GPUx3,7c7346df,11,7,8.723052e-03,2,40,0.0261,1.744268e-07,cpu,1747256606.291,1.775,0.7574,0.7574,N/A
StaticSplit_GPUx3,7c7346df,11,8,2.706190e-03,2,55,0.4829,7.580235e-06,cpu,1747256608.067,1.819,0.7324,0.7324,N/A
StaticSplit_GPUx3,7c7346df,12,0,8.723052e-03,2,40,0.0261,1.540988e-07,cuda,1747256612.843,4.769,0.7579,0.7579,N/A
StaticSplit_GPUx3,7c7346df,12,1,3.901807e-03,1,200,0.0453,1.763484e-07,cuda,1747256617.611,2.869,0.7653,0.7653,N/A
StaticSplit_GPUx3,7c7346df,12,2,2.032426e-04,2,166,0.2788,1.675775e-05,cuda,1747256620.480,2.753,0.7270,0.7270,N/A
StaticSplit_GPUx3,7c7346df,12,3,5.223417e-03,3,172,0.0867,4.466384e-07,cuda,1747256623.233,3.405,0.7686,0.7686,N/A
StaticSplit_GPUx3,7c7346df,12,4,5.157083e-03,2,114,0.0181,3.522974e-05,cuda,1747256626.638,2.745,0.7698,0.7698,N/A
StaticSplit_GPUx3,7c7346df,12,5,4.075835e-03,1,192,0.0453,1.763484e-07,cuda,1747256629.383,2.415,0.7485,0.7485,N/A
StaticSplit_GPUx3,7c7346df,12,6,4.075835e-03,1,200,0.0453,2.193608e-07,cuda,1747256631.798,2.404,0.7554,0.7554,N/A
StaticSplit_GPUx3,7c7346df,12,7,1.442310e-03,3,39,0.4159,4.274619e-07,cuda,1747256634.202,3.017,0.7251,0.7251,N/A
StaticSplit_GPUx3,7c7346df,12,8,4.814881e-03,3,114,0.0181,3.522974e-05,cuda,1747256637.219,3.013,0.7689,0.7689,N/A
StaticSplit_GPUx3,7c7346df,12,10,1.953478e-02,1,62,0.0532,1.289464e-06,cpu,1747256612.879,14.086,0.7475,0.7475,N/A
StaticSplit_GPUx3,7c7346df,12,13,2.598625e-04,2,40,0.2662,3.482254e-07,cpu,1747256626.965,14.623,0.7071,0.7071,N/A
StaticSplit_GPUx3,7c7346df,12,16,5.223417e-03,3,172,0.0000,4.466384e-07,cpu,1747256640.375,4.592,0.7669,0.7669,N/A
StaticSplit_GPUx3,7c7346df,12,19,3.561573e-03,3,54,0.3434,6.092690e-07,cpu,1747256644.967,4.186,0.7362,0.7362,N/A
StaticSplit_GPUx3,7c7346df,12,11,4.776556e-03,3,114,0.0181,3.299029e-05,cpu,1747256612.955,24.934,0.7696,0.7696,N/A
StaticSplit_GPUx3,7c7346df,12,14,2.950888e-02,3,118,0.2894,9.697083e-06,cpu,1747256637.889,11.501,0.6953,0.6953,N/A
StaticSplit_GPUx3,7c7346df,12,17,4.328279e-04,2,49,0.0957,7.960598e-07,cpu,1747256648.177,2.695,0.7262,0.7262,N/A
StaticSplit_GPUx3,7c7346df,12,9,5.157083e-03,3,112,0.0181,3.522974e-05,cpu,1747256612.873,18.013,0.7661,0.7661,N/A
StaticSplit_GPUx3,7c7346df,12,12,2.192149e-03,3,57,0.0489,9.891718e-05,cpu,1747256630.886,12.595,0.7473,0.7473,N/A
StaticSplit_GPUx3,7c7346df,12,15,1.031822e-04,3,75,0.1436,1.608265e-07,cpu,1747256642.268,6.341,0.6991,0.6991,N/A
StaticSplit_GPUx3,7c7346df,12,18,1.134126e-04,3,74,0.1111,1.066657e-06,cpu,1747256648.609,3.081,0.7068,0.7068,N/A
StaticSplit_GPUx3,7c7346df,13,0,5.223417e-03,3,172,0.0000,4.466384e-07,cuda,1747256654.615,4.434,0.7693,0.7693,N/A
StaticSplit_GPUx3,7c7346df,13,1,7.023428e-04,3,46,0.0578,2.656937e-05,cuda,1747256659.049,3.501,0.7349,0.7349,N/A
StaticSplit_GPUx3,7c7346df,13,2,5.807318e-03,2,71,0.0277,8.712529e-06,cuda,1747256662.550,3.010,0.7662,0.7662,N/A
StaticSplit_GPUx3,7c7346df,13,3,3.255934e-03,3,39,0.4766,9.541008e-05,cuda,1747256665.559,3.258,0.7218,0.7218,N/A
StaticSplit_GPUx3,7c7346df,13,4,1.221057e-02,3,50,0.1969,1.717187e-07,cuda,1747256668.817,3.243,0.7318,0.7318,N/A
StaticSplit_GPUx3,7c7346df,13,5,5.157083e-03,3,112,0.0181,3.522974e-05,cuda,1747256670.793,3.125,0.7676,0.7676,N/A
StaticSplit_GPUx3,7c7346df,13,6,5.489459e-03,3,172,0.0000,4.466384e-07,cuda,1747256673.918,4.352,0.7616,0.7616,N/A
StaticSplit_GPUx3,7c7346df,13,7,4.709168e-03,3,114,0.0181,3.299029e-05,cuda,1747256678.271,3.312,0.7726,0.7726,N/A
StaticSplit_GPUx3,7c7346df,13,8,2.343040e-02,2,37,0.1055,2.016775e-06,cuda,1747256681.583,3.052,0.7400,0.7400,N/A
StaticSplit_GPUx3,7c7346df,13,11,4.791562e-04,2,144,0.1607,7.603251e-06,cpu,1747256654.742,13.200,0.7363,0.7363,N/A
StaticSplit_GPUx3,7c7346df,13,14,2.111153e-02,2,49,0.4660,2.276813e-05,cpu,1747256667.942,9.934,0.7122,0.7122,N/A
StaticSplit_GPUx3,7c7346df,13,17,5.157083e-03,2,114,0.0181,3.522974e-05,cpu,1747256676.609,10.573,0.7730,0.7730,N/A
StaticSplit_GPUx3,7c7346df,13,10,5.223417e-03,3,172,0.0565,4.466384e-07,cpu,1747256654.726,21.224,0.7684,0.7684,N/A
StaticSplit_GPUx3,7c7346df,13,13,3.733973e-03,2,187,0.1434,4.243272e-07,cpu,1747256674.683,13.121,0.7676,0.7676,N/A
StaticSplit_GPUx3,7c7346df,13,16,9.162895e-03,3,41,0.3685,1.501094e-06,cpu,1747256687.804,2.196,0.7321,0.7321,N/A
StaticSplit_GPUx3,7c7346df,13,19,4.490209e-03,2,114,0.0181,3.522974e-05,cpu,1747256690.000,2.259,0.7600,0.7600,N/A
StaticSplit_GPUx3,7c7346df,13,9,6.677816e-03,2,141,0.1120,1.698881e-07,cpu,1747256654.719,19.923,0.7541,0.7541,N/A
StaticSplit_GPUx3,7c7346df,13,12,4.231303e-03,3,172,0.0000,4.466384e-07,cpu,1747256673.375,14.190,0.7744,0.7744,N/A
StaticSplit_GPUx3,7c7346df,13,15,5.157083e-03,2,114,0.0181,4.094185e-05,cpu,1747256687.565,2.287,0.7739,0.7739,N/A
StaticSplit_GPUx3,7c7346df,13,18,5.223417e-03,2,172,0.0867,4.466384e-07,cpu,1747256689.853,2.563,0.7675,0.7675,N/A
StaticSplit_GPUx3,7c7346df,14,11,5.157083e-03,2,96,0.0181,4.094185e-05,cuda,1747256695.724,4.319,0.7716,0.7716,N/A
StaticSplit_GPUx3,7c7346df,14,14,4.231303e-03,3,144,0.0000,4.466384e-07,cuda,1747256698.727,2.919,0.7697,0.7697,N/A
StaticSplit_GPUx3,7c7346df,14,17,4.778132e-03,2,114,0.0181,4.094185e-05,cuda,1747256701.646,3.080,0.7733,0.7733,N/A
StaticSplit_GPUx3,7c7346df,14,9,3.234408e-03,3,172,0.0000,4.466384e-07,cpu,1747256695.539,13.651,0.7676,0.7676,N/A
StaticSplit_GPUx3,7c7346df,14,12,6.814234e-03,2,57,0.3553,2.203462e-05,cpu,1747256707.873,5.465,0.7361,0.7361,N/A
StaticSplit_GPUx3,7c7346df,14,15,5.574765e-04,3,100,0.2394,6.023280e-06,cpu,1747256713.338,4.689,0.7330,0.7330,N/A
StaticSplit_GPUx3,7c7346df,14,18,6.838762e-03,1,42,0.3055,6.121363e-05,cpu,1747256718.027,3.145,0.7383,0.7383,N/A
StaticSplit_GPUx3,7c7346df,14,10,8.258442e-04,3,113,0.4522,1.483801e-06,cpu,1747256695.632,15.027,0.7258,0.7258,N/A
StaticSplit_GPUx3,7c7346df,14,13,6.419772e-04,2,78,0.1612,3.502245e-07,cpu,1747256709.342,5.010,0.7383,0.7383,N/A
StaticSplit_GPUx3,7c7346df,14,16,3.125385e-03,2,176,0.4989,1.163153e-07,cpu,1747256714.353,7.189,0.7467,0.7467,N/A
StaticSplit_GPUx3,7c7346df,14,19,8.052594e-04,1,56,0.2390,2.518868e-07,cpu,1747256721.542,1.842,0.7253,0.7253,N/A
StaticSplit_GPUx3,7c7346df,14,0,4.231303e-03,3,172,0.0000,4.466384e-07,cpu,1747256695.529,14.077,0.7642,0.7642,N/A
StaticSplit_GPUx3,7c7346df,14,1,5.210865e-03,3,172,0.0000,4.466384e-07,cpu,1747256708.288,6.397,0.7593,0.7593,N/A
StaticSplit_GPUx3,7c7346df,14,2,4.709168e-03,3,114,0.0090,3.299029e-05,cpu,1747256714.685,6.098,0.7616,0.7616,N/A
StaticSplit_GPUx3,7c7346df,14,3,1.647912e-03,1,95,0.2074,7.537881e-05,cpu,1747256720.784,2.039,0.7416,0.7416,N/A
StaticSplit_GPUx3,7c7346df,14,4,1.026051e-02,3,108,0.1392,4.829799e-07,cpu,1747256722.823,2.441,0.7501,0.7501,N/A
StaticSplit_GPUx3,7c7346df,14,5,1.548807e-04,2,149,0.4384,1.529574e-05,cpu,1747256725.264,2.055,0.7117,0.7117,N/A
StaticSplit_GPUx3,7c7346df,14,6,5.041139e-03,3,172,0.0000,4.466384e-07,cpu,1747256727.319,2.358,0.7705,0.7705,N/A
StaticSplit_GPUx3,7c7346df,14,7,4.761347e-03,3,172,0.0000,4.466384e-07,cpu,1747256729.677,2.365,0.7701,0.7701,N/A
StaticSplit_GPUx3,7c7346df,14,8,5.157083e-03,2,112,0.0181,3.522974e-05,cpu,1747256730.844,1.916,0.7766,0.7766,N/A
StaticSplit_GPUx3,7c7346df,15,0,3.283401e-04,3,72,0.2826,3.636076e-06,cuda,1747256736.054,4.716,0.7231,0.7231,N/A
StaticSplit_GPUx3,7c7346df,15,1,4.761347e-03,3,172,0.0000,4.466384e-07,cuda,1747256740.770,2.849,0.7659,0.7659,N/A
StaticSplit_GPUx3,7c7346df,15,2,5.041139e-03,3,168,0.0000,4.466384e-07,cuda,1747256743.619,2.903,0.7584,0.7584,N/A
StaticSplit_GPUx3,7c7346df,15,3,3.757706e-03,3,128,0.2195,3.316926e-05,cuda,1747256746.522,3.318,0.7570,0.7570,N/A
StaticSplit_GPUx3,7c7346df,15,4,5.157083e-03,1,112,0.0181,3.522974e-05,cuda,1747256749.840,2.922,0.7496,0.7496,N/A
StaticSplit_GPUx3,7c7346df,15,5,4.761347e-03,3,176,0.0000,4.466384e-07,cuda,1747256752.762,3.240,0.7741,0.7741,N/A
StaticSplit_GPUx3,7c7346df,15,6,4.778132e-03,2,120,0.0181,4.094185e-05,cuda,1747256756.003,3.333,0.7705,0.7705,N/A
StaticSplit_GPUx3,7c7346df,15,7,7.880671e-03,3,111,0.2070,3.216681e-07,cuda,1747256759.336,3.874,0.7524,0.7524,N/A
StaticSplit_GPUx3,7c7346df,15,8,1.566180e-02,3,238,0.4037,1.901050e-05,cuda,1747256762.008,3.545,0.7028,0.7028,N/A
StaticSplit_GPUx3,7c7346df,15,11,8.452148e-04,3,74,0.4587,7.407241e-06,cpu,1747256736.116,22.863,0.7206,0.7206,N/A
StaticSplit_GPUx3,7c7346df,15,14,4.339066e-04,2,49,0.4202,5.598889e-07,cpu,1747256758.980,11.713,0.7185,0.7185,N/A
StaticSplit_GPUx3,7c7346df,15,17,3.266153e-03,3,53,0.3038,8.551549e-07,cpu,1747256769.491,5.120,0.7326,0.7326,N/A
StaticSplit_GPUx3,7c7346df,15,9,7.425170e-04,2,40,0.3268,7.372395e-06,cpu,1747256736.074,19.208,0.7306,0.7306,N/A
StaticSplit_GPUx3,7c7346df,15,12,5.157083e-03,1,96,0.0181,4.094185e-05,cpu,1747256755.282,12.935,0.7597,0.7597,N/A
StaticSplit_GPUx3,7c7346df,15,15,4.717234e-04,3,57,0.4096,1.725559e-07,cpu,1747256767.015,6.149,0.7061,0.7061,N/A
StaticSplit_GPUx3,7c7346df,15,18,4.778132e-03,2,114,0.0181,4.094185e-05,cpu,1747256773.164,3.086,0.7599,0.7599,N/A
StaticSplit_GPUx3,7c7346df,15,10,5.157083e-03,2,112,0.0181,4.057655e-05,cpu,1747256736.078,21.552,0.7622,0.7622,N/A
StaticSplit_GPUx3,7c7346df,15,13,5.157083e-03,2,112,0.0181,3.522974e-05,cpu,1747256757.630,13.799,0.7667,0.7667,N/A
StaticSplit_GPUx3,7c7346df,15,16,1.960280e-02,3,48,0.1018,1.114668e-07,cpu,1747256770.228,4.715,0.7373,0.7373,N/A
StaticSplit_GPUx3,7c7346df,15,19,5.041139e-03,3,172,0.0000,4.466384e-07,cpu,1747256774.943,2.871,0.7766,0.7766,N/A
StaticSplit_GPUx3,7c7346df,16,0,9.634031e-03,1,174,0.2968,9.018933e-07,cuda,1747256780.761,4.497,0.7432,0.7432,N/A
StaticSplit_GPUx3,7c7346df,16,1,3.748417e-03,3,176,0.0000,4.466384e-07,cuda,1747256785.258,2.764,0.7662,0.7662,N/A
StaticSplit_GPUx3,7c7346df,16,2,2.861144e-04,3,84,0.4086,1.184569e-06,cuda,1747256788.022,3.272,0.7137,0.7137,N/A
StaticSplit_GPUx3,7c7346df,16,3,3.650073e-04,3,60,0.4271,3.073310e-07,cuda,1747256791.295,3.500,0.7025,0.7025,N/A
StaticSplit_GPUx3,7c7346df,16,4,6.801621e-04,2,127,0.1713,8.875476e-07,cuda,1747256793.601,3.457,0.7400,0.7400,N/A
StaticSplit_GPUx3,7c7346df,16,5,4.168604e-03,2,120,0.0181,4.094185e-05,cuda,1747256797.058,3.694,0.7679,0.7679,N/A
StaticSplit_GPUx3,7c7346df,16,6,5.041139e-03,3,172,0.0000,4.466384e-07,cuda,1747256800.751,3.571,0.7692,0.7692,N/A
StaticSplit_GPUx3,7c7346df,16,7,5.773249e-03,3,172,0.0000,4.466384e-07,cuda,1747256804.322,3.237,0.7693,0.7693,N/A
StaticSplit_GPUx3,7c7346df,16,8,5.157083e-03,2,112,0.0181,3.522974e-05,cuda,1747256807.559,3.166,0.7776,0.7776,N/A
StaticSplit_GPUx3,7c7346df,16,11,3.157755e-02,3,147,0.1453,4.770192e-05,cpu,1747256780.824,32.526,0.7046,0.7046,N/A
StaticSplit_GPUx3,7c7346df,16,14,1.877032e-02,2,53,0.3343,2.566943e-07,cpu,1747256812.156,6.182,0.7342,0.7342,N/A
StaticSplit_GPUx3,7c7346df,16,17,5.157083e-03,2,112,0.0181,4.057655e-05,cpu,1747256818.338,4.594,0.7694,0.7694,N/A
StaticSplit_GPUx3,7c7346df,16,9,2.021221e-02,2,161,0.3677,3.565943e-05,cpu,1747256780.781,25.266,0.7216,0.7216,N/A
StaticSplit_GPUx3,7c7346df,16,12,2.002815e-03,1,41,0.3567,1.800868e-06,cpu,1747256804.854,8.602,0.7357,0.7357,N/A
StaticSplit_GPUx3,7c7346df,16,15,4.761347e-03,3,200,0.0000,4.466384e-07,cpu,1747256813.455,6.219,0.7763,0.7763,N/A
StaticSplit_GPUx3,7c7346df,16,18,6.661315e-03,1,99,0.3210,1.613047e-06,cpu,1747256819.674,4.200,0.7495,0.7495,N/A
StaticSplit_GPUx3,7c7346df,16,10,2.508888e-03,3,32,0.0303,5.942651e-06,cpu,1747256780.800,26.079,0.7433,0.7433,N/A
StaticSplit_GPUx3,7c7346df,16,13,4.761347e-03,3,160,0.0000,4.466384e-07,cpu,1747256805.685,12.022,0.7729,0.7729,N/A
StaticSplit_GPUx3,7c7346df,16,16,4.778132e-03,2,120,0.0087,4.094185e-05,cpu,1747256817.707,5.034,0.7743,0.7743,N/A
StaticSplit_GPUx3,7c7346df,16,19,3.681402e-03,3,172,0.0000,4.466384e-07,cpu,1747256822.742,2.884,0.7680,0.7680,N/A
StaticSplit_GPUx3,7c7346df,17,9,1.869520e-03,2,39,0.2784,4.037410e-06,cuda,1747256827.404,4.333,0.7339,0.7339,N/A
StaticSplit_GPUx3,7c7346df,17,12,4.761347e-03,3,176,0.0000,4.466384e-07,cuda,1747256831.737,2.979,0.7747,0.7747,N/A
StaticSplit_GPUx3,7c7346df,17,15,4.556346e-03,2,112,0.0181,3.522974e-05,cuda,1747256834.716,3.021,0.7743,0.7743,N/A
StaticSplit_GPUx3,7c7346df,17,18,4.778132e-03,1,120,0.0087,4.094185e-05,cuda,1747256837.737,2.447,0.7611,0.7611,N/A
StaticSplit_GPUx3,7c7346df,17,11,5.773249e-03,3,172,0.0000,5.349475e-07,cpu,1747256827.457,15.743,0.7710,0.7710,N/A
StaticSplit_GPUx3,7c7346df,17,14,2.292240e-04,3,63,0.3565,2.902608e-07,cpu,1747256843.199,6.799,0.7214,0.7214,N/A
StaticSplit_GPUx3,7c7346df,17,17,1.185446e-02,3,90,0.1472,2.954135e-07,cpu,1747256849.999,6.467,0.7454,0.7454,N/A
StaticSplit_GPUx3,7c7346df,17,10,1.593723e-04,3,57,0.1209,5.121901e-07,cpu,1747256827.427,16.103,0.7028,0.7028,N/A
StaticSplit_GPUx3,7c7346df,17,13,4.252127e-03,1,211,0.0926,3.806411e-07,cpu,1747256843.531,5.815,0.7579,0.7579,N/A
StaticSplit_GPUx3,7c7346df,17,16,5.157083e-03,3,112,0.0181,4.057655e-05,cpu,1747256849.345,6.518,0.7665,0.7665,N/A
StaticSplit_GPUx3,7c7346df,17,19,4.778132e-03,2,120,0.0087,3.174020e-05,cpu,1747256854.435,2.323,0.7647,0.7647,N/A
StaticSplit_GPUx3,7c7346df,17,0,1.115611e-03,3,128,0.1167,4.500953e-06,cpu,1747256827.342,15.322,0.7542,0.7542,N/A
StaticSplit_GPUx3,7c7346df,17,1,8.179682e-04,2,61,0.1797,5.199753e-05,cpu,1747256842.664,4.910,0.7325,0.7325,N/A
StaticSplit_GPUx3,7c7346df,17,2,5.157083e-03,2,112,0.0181,3.522974e-05,cpu,1747256847.574,4.071,0.7704,0.7704,N/A
StaticSplit_GPUx3,7c7346df,17,3,9.083805e-03,3,83,0.3351,8.584178e-07,cpu,1747256851.645,5.857,0.7392,0.7392,N/A
StaticSplit_GPUx3,7c7346df,17,4,5.773249e-03,3,172,0.0000,4.466384e-07,cpu,1747256856.073,2.477,0.7698,0.7698,N/A
StaticSplit_GPUx3,7c7346df,17,5,4.761347e-03,2,200,0.0000,4.466384e-07,cpu,1747256858.550,2.038,0.7633,0.7633,N/A
StaticSplit_GPUx3,7c7346df,17,6,2.404697e-04,3,185,0.1255,1.107594e-07,cpu,1747256860.588,2.619,0.7360,0.7360,N/A
StaticSplit_GPUx3,7c7346df,17,7,4.761347e-03,3,160,0.0000,4.466384e-07,cpu,1747256863.208,2.349,0.7655,0.7655,N/A
StaticSplit_GPUx3,7c7346df,17,8,3.896136e-03,3,196,0.4484,4.456122e-07,cpu,1747256865.557,2.870,0.7375,0.7375,N/A
StaticSplit_GPUx3,7c7346df,18,9,8.543335e-04,2,66,0.2782,2.999241e-05,cuda,1747256871.427,4.301,0.7303,0.7303,N/A
StaticSplit_GPUx3,7c7346df,18,12,5.773249e-03,3,172,0.0000,5.380792e-07,cuda,1747256875.728,3.057,0.7706,0.7706,N/A
StaticSplit_GPUx3,7c7346df,18,15,1.494338e-02,2,46,0.1648,1.142271e-07,cuda,1747256878.785,2.715,0.7494,0.7494,N/A
StaticSplit_GPUx3,7c7346df,18,18,3.904783e-04,1,159,0.0999,5.164008e-07,cuda,1747256881.499,3.050,0.7281,0.7281,N/A
StaticSplit_GPUx3,7c7346df,18,11,1.004316e-04,2,254,0.3119,4.787752e-06,cpu,1747256871.467,15.892,0.7224,0.7224,N/A
StaticSplit_GPUx3,7c7346df,18,14,2.252949e-04,3,95,0.0006,4.550839e-06,cpu,1747256886.008,5.761,0.7348,0.7348,N/A
StaticSplit_GPUx3,7c7346df,18,17,5.773249e-03,3,172,0.0000,5.349475e-07,cpu,1747256891.769,4.341,0.7804,0.7804,N/A
StaticSplit_GPUx3,7c7346df,18,10,5.773249e-03,3,144,0.0000,4.466384e-07,cpu,1747256871.430,15.145,0.7623,0.7623,N/A
StaticSplit_GPUx3,7c7346df,18,13,3.598258e-03,2,112,0.0181,3.522974e-05,cpu,1747256885.223,5.880,0.7717,0.7717,N/A
StaticSplit_GPUx3,7c7346df,18,16,4.761347e-03,3,176,0.0000,4.466384e-07,cpu,1747256891.103,5.258,0.7446,0.7446,N/A
StaticSplit_GPUx3,7c7346df,18,19,5.157083e-03,3,112,0.0181,4.057655e-05,cpu,1747256896.360,2.786,0.7644,0.7644,N/A
StaticSplit_GPUx3,7c7346df,18,0,6.759675e-03,3,172,0.0000,4.466384e-07,cpu,1747256871.365,16.384,0.7647,0.7647,N/A
StaticSplit_GPUx3,7c7346df,18,1,1.090187e-04,2,140,0.4700,9.700913e-05,cpu,1747256886.398,4.708,0.6834,0.6834,N/A
StaticSplit_GPUx3,7c7346df,18,2,7.610945e-04,3,33,0.1695,1.210163e-05,cpu,1747256891.105,6.642,0.7277,0.7277,N/A
StaticSplit_GPUx3,7c7346df,18,3,4.761347e-03,3,176,0.0317,4.466384e-07,cpu,1747256897.748,2.795,0.7723,0.7723,N/A
StaticSplit_GPUx3,7c7346df,18,4,3.344063e-03,1,80,0.4593,2.502538e-06,cpu,1747256900.543,1.547,0.7389,0.7389,N/A
StaticSplit_GPUx3,7c7346df,18,5,4.424018e-03,3,172,0.0000,4.466384e-07,cpu,1747256902.090,2.353,0.7697,0.7697,N/A
StaticSplit_GPUx3,7c7346df,18,6,6.308597e-03,3,112,0.0181,4.057655e-05,cpu,1747256904.443,2.246,0.7607,0.7607,N/A
StaticSplit_GPUx3,7c7346df,18,7,3.522142e-04,1,38,0.2265,7.331691e-05,cpu,1747256906.689,1.517,0.7028,0.7028,N/A
StaticSplit_GPUx3,7c7346df,18,8,1.217554e-03,3,115,0.0690,3.568627e-06,cpu,1747256908.206,2.288,0.7554,0.7554,N/A
StaticSplit_GPUx3,7c7346df,19,10,1.016307e-03,3,60,0.3735,1.520315e-07,cuda,1747256913.486,4.489,0.7279,0.7279,N/A
StaticSplit_GPUx3,7c7346df,19,13,4.532775e-04,1,170,0.3196,3.073248e-05,cuda,1747256916.762,2.357,0.7273,0.7273,N/A
StaticSplit_GPUx3,7c7346df,19,16,6.725716e-03,3,172,0.2975,9.433778e-07,cuda,1747256919.119,3.095,0.7500,0.7500,N/A
StaticSplit_GPUx3,7c7346df,19,19,3.598258e-03,2,112,0.0181,3.522974e-05,cuda,1747256922.214,2.841,0.7672,0.7672,N/A
StaticSplit_GPUx3,7c7346df,19,9,5.773249e-03,3,172,0.0000,6.003839e-07,cpu,1747256913.478,15.076,0.7715,0.7715,N/A
StaticSplit_GPUx3,7c7346df,19,12,5.542647e-03,3,176,0.0317,4.466384e-07,cpu,1747256927.340,7.554,0.7585,0.7585,N/A
StaticSplit_GPUx3,7c7346df,19,15,3.598258e-03,2,112,0.0000,3.522974e-05,cpu,1747256934.894,4.797,0.7671,0.7671,N/A
StaticSplit_GPUx3,7c7346df,19,18,6.852796e-03,1,42,0.1076,1.914095e-05,cpu,1747256939.691,3.271,0.7458,0.7458,N/A
StaticSplit_GPUx3,7c7346df,19,11,4.761347e-03,2,176,0.0317,4.466384e-07,cpu,1747256913.495,16.257,0.7595,0.7595,N/A
StaticSplit_GPUx3,7c7346df,19,14,6.083477e-03,3,172,0.0000,5.349475e-07,cpu,1747256928.539,7.547,0.7712,0.7712,N/A
StaticSplit_GPUx3,7c7346df,19,17,4.761347e-03,3,176,0.0317,4.140929e-07,cpu,1747256936.086,7.454,0.7674,0.7674,N/A
StaticSplit_GPUx3,7c7346df,19,0,8.017920e-04,2,65,0.4996,2.213171e-06,cpu,1747256913.469,14.003,0.7237,0.7237,N/A
StaticSplit_GPUx3,7c7346df,19,1,5.773249e-03,3,172,0.0000,5.349475e-07,cpu,1747256926.258,6.415,0.7741,0.7741,N/A
StaticSplit_GPUx3,7c7346df,19,2,4.761347e-03,3,208,0.0317,4.466384e-07,cpu,1747256932.674,5.661,0.7687,0.7687,N/A
StaticSplit_GPUx3,7c7346df,19,3,4.354214e-03,3,174,0.4612,1.170533e-06,cpu,1747256938.334,6.214,0.7358,0.7358,N/A
StaticSplit_GPUx3,7c7346df,19,4,5.057826e-03,3,34,0.1029,2.936131e-05,cpu,1747256944.548,2.018,0.7490,0.7490,N/A
StaticSplit_GPUx3,7c7346df,19,5,1.996517e-03,1,174,0.4633,6.835444e-05,cpu,1747256946.566,1.618,0.7474,0.7474,N/A
StaticSplit_GPUx3,7c7346df,19,6,2.300269e-03,3,179,0.0325,6.145406e-07,cpu,1747256946.922,2.597,0.7693,0.7693,N/A
StaticSplit_GPUx3,7c7346df,19,7,1.491775e-02,3,44,0.2157,6.982996e-07,cpu,1747256949.519,1.997,0.7335,0.7335,N/A
StaticSplit_GPUx3,7c7346df,19,8,4.761347e-03,3,176,0.0317,5.506685e-07,cpu,1747256951.517,2.536,0.7770,0.7770,N/A
StaticSplit_GPUx3,7c7346df,20,11,2.829922e-03,3,179,0.0325,6.145406e-07,cuda,1747256957.167,4.657,0.7727,0.7727,N/A
StaticSplit_GPUx3,7c7346df,20,14,2.300269e-03,3,216,0.0325,6.145406e-07,cuda,1747256961.824,3.368,0.7742,0.7742,N/A
StaticSplit_GPUx3,7c7346df,20,17,3.006534e-03,3,108,0.0979,2.224061e-06,cuda,1747256965.192,4.010,0.7621,0.7621,N/A
StaticSplit_GPUx3,7c7346df,20,9,1.186866e-03,3,184,0.1422,1.340434e-06,cpu,1747256957.051,16.155,0.7547,0.7547,N/A
StaticSplit_GPUx3,7c7346df,20,12,2.921347e-02,3,212,0.0558,1.080194e-06,cpu,1747256973.206,6.912,0.7025,0.7025,N/A
StaticSplit_GPUx3,7c7346df,20,15,6.899436e-03,1,76,0.2147,2.020106e-06,cpu,1747256978.824,3.422,0.7500,0.7500,N/A
StaticSplit_GPUx3,7c7346df,20,18,4.761347e-03,3,160,0.0317,5.506685e-07,cpu,1747256982.245,7.214,0.7633,0.7633,N/A
StaticSplit_GPUx3,7c7346df,20,10,5.773249e-03,3,172,0.0000,5.934067e-07,cpu,1747256957.056,15.641,0.7686,0.7686,N/A
StaticSplit_GPUx3,7c7346df,20,13,4.761347e-03,3,208,0.0317,4.199089e-07,cpu,1747256972.697,7.476,0.7702,0.7702,N/A
StaticSplit_GPUx3,7c7346df,20,16,1.758492e-03,2,108,0.1766,3.760867e-07,cpu,1747256978.879,5.352,0.7491,0.7491,N/A
StaticSplit_GPUx3,7c7346df,20,19,4.954102e-03,3,176,0.0317,5.506685e-07,cpu,1747256984.231,5.907,0.7631,0.7631,N/A
StaticSplit_GPUx3,7c7346df,20,0,6.083477e-03,3,172,0.0000,5.567353e-07,cpu,1747256956.950,15.997,0.7754,0.7754,N/A
StaticSplit_GPUx3,7c7346df,20,1,2.574894e-03,3,179,0.0325,6.145406e-07,cpu,1747256972.946,8.901,0.7730,0.7730,N/A
StaticSplit_GPUx3,7c7346df,20,2,1.925040e-02,3,93,0.4944,1.752422e-06,cpu,1747256980.554,6.672,0.7043,0.7043,N/A
StaticSplit_GPUx3,7c7346df,20,3,3.263621e-04,3,128,0.3681,2.104738e-07,cpu,1747256987.225,4.046,0.7245,0.7245,N/A
StaticSplit_GPUx3,7c7346df,20,4,4.761347e-03,3,176,0.0317,5.506685e-07,cpu,1747256991.271,2.623,0.7765,0.7765,N/A
StaticSplit_GPUx3,7c7346df,20,5,2.746231e-02,1,35,0.2643,8.929922e-07,cpu,1747256993.895,1.495,0.7325,0.7325,N/A
StaticSplit_GPUx3,7c7346df,20,6,6.083477e-03,3,172,0.0000,5.607651e-07,cpu,1747256995.389,2.352,0.7677,0.7677,N/A
StaticSplit_GPUx3,7c7346df,20,7,1.407409e-03,2,44,0.2643,3.446339e-05,cpu,1747256997.741,1.761,0.7305,0.7305,N/A
StaticSplit_GPUx3,7c7346df,20,8,2.426284e-03,2,111,0.4552,9.727022e-05,cpu,1747256999.502,1.931,0.7361,0.7361,N/A
StaticSplit_GPUx3,7c7346df,21,10,4.761347e-03,3,216,0.0317,4.199089e-07,cuda,1747257004.377,4.532,0.7714,0.7714,N/A
StaticSplit_GPUx3,7c7346df,21,13,4.098585e-03,3,208,0.0317,4.199089e-07,cuda,1747257008.908,3.300,0.7605,0.7605,N/A
StaticSplit_GPUx3,7c7346df,21,16,9.688947e-03,2,112,0.4412,1.757495e-05,cuda,1747257010.972,3.039,0.7278,0.7278,N/A
StaticSplit_GPUx3,7c7346df,21,19,5.347847e-03,2,246,0.1778,2.553331e-06,cuda,1747257014.011,3.106,0.7540,0.7540,N/A
StaticSplit_GPUx3,7c7346df,21,11,2.829922e-03,3,208,0.0325,6.145406e-07,cpu,1747257004.381,17.547,0.7730,0.7730,N/A
StaticSplit_GPUx3,7c7346df,21,14,3.738108e-04,1,133,0.1885,1.644122e-07,cpu,1747257020.692,3.598,0.7225,0.7225,N/A
StaticSplit_GPUx3,7c7346df,21,17,4.761347e-03,3,176,0.0317,5.506685e-07,cpu,1747257024.290,4.909,0.7719,0.7719,N/A
StaticSplit_GPUx3,7c7346df,21,9,2.243258e-02,1,34,0.3313,1.767010e-07,cpu,1747257004.349,13.636,0.7284,0.7284,N/A
StaticSplit_GPUx3,7c7346df,21,12,3.664307e-03,3,37,0.4103,1.004817e-05,cpu,1747257016.749,13.128,0.7298,0.7298,N/A
StaticSplit_GPUx3,7c7346df,21,15,2.574894e-03,2,179,0.0325,6.145406e-07,cpu,1747257029.877,2.400,0.7634,0.7634,N/A
StaticSplit_GPUx3,7c7346df,21,18,4.761347e-03,3,176,0.0000,5.506685e-07,cpu,1747257032.277,2.552,0.7840,0.7840,N/A
StaticSplit_GPUx3,7c7346df,21,0,6.083477e-03,3,172,0.0000,6.402075e-07,cpu,1747257004.319,16.587,0.7742,0.7742,N/A
StaticSplit_GPUx3,7c7346df,21,1,3.951239e-03,3,176,0.0317,5.506685e-07,cpu,1747257019.670,5.086,0.7711,0.7711,N/A
StaticSplit_GPUx3,7c7346df,21,2,4.761347e-03,3,128,0.0317,5.506685e-07,cpu,1747257024.756,5.067,0.7505,0.7505,N/A
StaticSplit_GPUx3,7c7346df,21,3,1.548373e-02,1,97,0.1506,4.207693e-07,cpu,1747257029.823,1.769,0.7483,0.7483,N/A
StaticSplit_GPUx3,7c7346df,21,4,9.428372e-03,1,114,0.2619,1.050228e-05,cpu,1747257031.592,1.794,0.7514,0.7514,N/A
StaticSplit_GPUx3,7c7346df,21,5,1.529480e-02,1,138,0.1141,1.032689e-05,cpu,1747257033.385,1.798,0.7475,0.7475,N/A
StaticSplit_GPUx3,7c7346df,21,6,2.574894e-03,4,179,0.0325,6.145406e-07,cpu,1747257035.184,3.240,0.7734,0.7734,N/A
StaticSplit_GPUx3,7c7346df,21,7,4.419934e-03,1,133,0.1787,2.106935e-07,cpu,1747257038.423,1.602,0.7479,0.7479,N/A
StaticSplit_GPUx3,7c7346df,21,8,1.515785e-04,3,88,0.2987,1.044791e-05,cpu,1747257040.025,2.159,0.7115,0.7115,N/A
StaticSplit_GPUx3,7c7346df,22,0,2.181825e-02,2,49,0.1789,2.321276e-06,cuda,1747257043.893,4.282,0.7465,0.7465,N/A
StaticSplit_GPUx3,7c7346df,22,1,6.083477e-03,2,172,0.0000,6.402075e-07,cuda,1747257048.175,3.564,0.7650,0.7650,N/A
StaticSplit_GPUx3,7c7346df,22,2,2.145865e-02,3,176,0.3159,8.080188e-05,cuda,1747257051.739,3.417,0.6868,0.6868,N/A
StaticSplit_GPUx3,7c7346df,22,3,5.197491e-03,3,176,0.0317,5.506685e-07,cuda,1747257055.156,3.233,0.7690,0.7690,N/A
StaticSplit_GPUx3,7c7346df,22,4,4.761347e-03,3,216,0.0000,4.199089e-07,cuda,1747257058.389,3.311,0.7671,0.7671,N/A
StaticSplit_GPUx3,7c7346df,22,5,6.083477e-03,3,200,0.0000,6.402075e-07,cuda,1747257061.700,2.998,0.7603,0.7603,N/A
StaticSplit_GPUx3,7c7346df,22,6,2.591725e-02,2,47,0.4109,1.123069e-05,cuda,1747257064.698,2.834,0.7281,0.7281,N/A
StaticSplit_GPUx3,7c7346df,22,7,6.083477e-03,3,172,0.0000,6.402075e-07,cuda,1747257067.532,3.470,0.7746,0.7746,N/A
StaticSplit_GPUx3,7c7346df,22,8,2.463277e-03,4,179,0.0325,6.145406e-07,cuda,1747257071.002,4.011,0.7653,0.7653,N/A
StaticSplit_GPUx3,7c7346df,22,11,4.761347e-03,3,216,0.0317,4.409408e-07,cpu,1747257044.010,21.999,0.7720,0.7720,N/A
StaticSplit_GPUx3,7c7346df,22,14,4.761347e-03,2,176,0.0317,5.506685e-07,cpu,1747257066.010,11.237,0.7619,0.7619,N/A
StaticSplit_GPUx3,7c7346df,22,17,4.500618e-04,2,50,0.2471,1.696633e-06,cpu,1747257075.949,5.241,0.7228,0.7228,N/A
StaticSplit_GPUx3,7c7346df,22,9,1.273965e-03,3,65,0.3508,7.431547e-06,cpu,1747257043.915,20.008,0.7353,0.7353,N/A
StaticSplit_GPUx3,7c7346df,22,12,4.761347e-03,3,176,0.0000,5.506685e-07,cpu,1747257063.924,13.919,0.7706,0.7706,N/A
StaticSplit_GPUx3,7c7346df,22,15,1.538427e-02,2,110,0.4963,1.619655e-05,cpu,1747257076.544,3.661,0.7326,0.7326,N/A
StaticSplit_GPUx3,7c7346df,22,18,2.165150e-04,3,69,0.0606,1.920512e-06,cpu,1747257080.205,3.129,0.7259,0.7259,N/A
StaticSplit_GPUx3,7c7346df,22,10,6.862402e-04,3,76,0.0658,5.885728e-05,cpu,1747257044.006,16.705,0.7369,0.7369,N/A
StaticSplit_GPUx3,7c7346df,22,13,4.761347e-03,3,168,0.0317,4.199089e-07,cpu,1747257060.710,17.010,0.7595,0.7595,N/A
StaticSplit_GPUx3,7c7346df,22,16,1.762376e-02,2,142,0.4055,1.711952e-07,cpu,1747257076.422,5.682,0.7220,0.7220,N/A
StaticSplit_GPUx3,7c7346df,22,19,8.780661e-03,1,74,0.3066,6.077227e-05,cpu,1747257082.104,1.936,0.7510,0.7510,N/A
